<?xml version="1.0" encoding="utf-8"?>
<cwbopendata xmlns="urn:cwb:gov:tw:cwbcommon:0.1">
  <identifier>55e0c6d5-373d-444a-9c49-6c6dc5ee2603</identifier>
  <sender>weather@cwb.gov.tw</sender>
  <sent>2020-09-29T12:20:47+08:00</sent>
  <status>Actual</status>
  <scope>Public</scope>
  <msgType>Issue</msgType>
  <dataid>null</dataid>
  <source>MFC</source>
  <dataset>
    <datasetInfo>
      <datasetDescription>臺灣各縣市鄉鎮未來1週逐24小時天氣預報</datasetDescription>
      <datasetLanguage>zh-TW</datasetLanguage>
      <issueTime>2020-09-29T11:00:00+08:00</issueTime>
      <validTime>
        <startTime>2020-09-29T12:00:00+08:00</startTime>
        <endTime>2020-10-07T11:00:00+08:00</endTime>
      </validTime>
      <update>2020-09-29T12:20:47+08:00</update>
    </datasetInfo>
    <locations>
      <locationsName>嘉義市</locationsName>
      <location>
        <locationName>東區</locationName>
        <geocode>1002001</geocode>
        <lat>23.480384</lat>
        <lon>120.445361</lon>
        <weatherElement>
          <elementName>T</elementName>
          <description>平均溫度</description>
          <time>
            <startTime>2020-09-29T12:00:00+08:00</startTime>
            <endTime>2020-09-30T00:00:00+08:00</endTime>
            <elementValue>
              <value>29</value>
              <measures>攝氏度</measures>
            </elementValue>
          </time>
          <time>
            <startTime>2020-09-30T00:00:00+08:00</startTime>
            <endTime>2020-10-01T00:00:00+08:00</endTime>
            <elementValue>
              <value>27</value>
              <measures>攝氏度</measures>
            </elementValue>
          </time>
          <time>
            <startTime>2020-10-01T00:00:00+08:00</startTime>
            <endTime>2020-10-02T00:00:00+08:00</endTime>
            <elementValue>
              <value>27</value>
              <measures>攝氏度</measures>
            </elementValue>
          </time>
          <time>
            <startTime>2020-10-02T00:00:00+08:00</startTime>
            <endTime>2020-10-03T00:00:00+08:00</endTime>
            <elementValue>
              <value>28</value>
              <measures>攝氏度</measures>
            </elementValue>
          </time>
          <time>
            <startTime>2020-10-03T00:00:00+08:00</startTime>
            <endTime>2020-10-04T00:00:00+08:00</endTime>
            <elementValue>
              <value>28</value>
              <measures>攝氏度</measures>
            </elementValue>
          </time>
          <time>
            <startTime>2020-10-04T00:00:00+08:00</startTime>
            <endTime>2020-10-05T00:00:00+08:00</endTime>
            <elementValue>
              <value>29</value>
              <measures>攝氏度</measures>
            </elementValue>
          </time>
          <time>
            <startTime>2020-10-05T00:00:00+08:00</startTime>
            <endTime>2020-10-06T00:00:00+08:00</endTime>
            <elementValue>
              <value>29</value>
              <measures>攝氏度</measures>
            </elementValue>
          </time>
        </weatherElement>
        <weatherElement>
          <elementName>Td</elementName>
          <description>平均露點溫度</description>
          <time>
            <startTime>2020-09-29T12:00:00+08:00</startTime>
            <endTime>2020-09-30T00:00:00+08:00</endTime>
            <elementValue>
              <value>22</value>
              <measures>攝氏度</measures>
            </elementValue>
          </time>
          <time>
            <startTime>2020-09-30T00:00:00+08:00</startTime>
            <endTime>2020-10-01T00:00:00+08:00</endTime>
            <elementValue>
              <value>21</value>
              <measures>攝氏度</measures>
            </elementValue>
          </time>
          <time>
            <startTime>2020-10-01T00:00:00+08:00</startTime>
            <endTime>2020-10-02T00:00:00+08:00</endTime>
            <elementValue>
              <value>20</value>
              <measures>攝氏度</measures>
            </elementValue>
          </time>
          <time>
            <startTime>2020-10-02T00:00:00+08:00</startTime>
            <endTime>2020-10-03T00:00:00+08:00</endTime>
            <elementValue>
              <value>19</value>
              <measures>攝氏度</measures>
            </elementValue>
          </time>
          <time>
            <startTime>2020-10-03T00:00:00+08:00</startTime>
            <endTime>2020-10-04T00:00:00+08:00</endTime>
            <elementValue>
              <value>20</value>
              <measures>攝氏度</measures>
            </elementValue>
          </time>
          <time>
            <startTime>2020-10-04T00:00:00+08:00</startTime>
            <endTime>2020-10-05T00:00:00+08:00</endTime>
            <elementValue>
              <value>18</value>
              <measures>攝氏度</measures>
            </elementValue>
          </time>
          <time>
            <startTime>2020-10-05T00:00:00+08:00</startTime>
            <endTime>2020-10-06T00:00:00+08:00</endTime>
            <elementValue>
              <value>22</value>
              <measures>攝氏度</measures>
            </elementValue>
          </time>
        </weatherElement>
        <weatherElement>
          <elementName>RH</elementName>
          <description>平均相對濕度</description>
          <time>
            <startTime>2020-09-29T12:00:00+08:00</startTime>
            <endTime>2020-09-30T00:00:00+08:00</endTime>
            <elementValue>
              <value>67</value>
              <measures>百分比</measures>
            </elementValue>
          </time>
          <time>
            <startTime>2020-09-30T00:00:00+08:00</startTime>
            <endTime>2020-10-01T00:00:00+08:00</endTime>
            <elementValue>
              <value>68</value>
              <measures>百分比</measures>
            </elementValue>
          </time>
          <time>
            <startTime>2020-10-01T00:00:00+08:00</startTime>
            <endTime>2020-10-02T00:00:00+08:00</endTime>
            <elementValue>
              <value>67</value>
              <measures>百分比</measures>
            </elementValue>
          </time>
          <time>
            <startTime>2020-10-02T00:00:00+08:00</startTime>
            <endTime>2020-10-03T00:00:00+08:00</endTime>
            <elementValue>
              <value>64</value>
              <measures>百分比</measures>
            </elementValue>
          </time>
          <time>
            <startTime>2020-10-03T00:00:00+08:00</startTime>
            <endTime>2020-10-04T00:00:00+08:00</endTime>
            <elementValue>
              <value>66</value>
              <measures>百分比</measures>
            </elementValue>
          </time>
          <time>
            <startTime>2020-10-04T00:00:00+08:00</startTime>
            <endTime>2020-10-05T00:00:00+08:00</endTime>
            <elementValue>
              <value>57</value>
              <measures>百分比</measures>
            </elementValue>
          </time>
          <time>
            <startTime>2020-10-05T00:00:00+08:00</startTime>
            <endTime>2020-10-06T00:00:00+08:00</endTime>
            <elementValue>
              <value>67</value>
              <measures>百分比</measures>
            </elementValue>
          </time>
        </weatherElement>
        <weatherElement>
          <elementName>MaxT</elementName>
          <description>最高溫度</description>
          <time>
            <startTime>2020-09-29T12:00:00+08:00</startTime>
            <endTime>2020-09-30T00:00:00+08:00</endTime>
            <elementValue>
              <value>33</value>
              <measures>攝氏度</measures>
            </elementValue>
          </time>
          <time>
            <startTime>2020-09-30T00:00:00+08:00</startTime>
            <endTime>2020-10-01T00:00:00+08:00</endTime>
            <elementValue>
              <value>32</value>
              <measures>攝氏度</measures>
            </elementValue>
          </time>
          <time>
            <startTime>2020-10-01T00:00:00+08:00</startTime>
            <endTime>2020-10-02T00:00:00+08:00</endTime>
            <elementValue>
              <value>33</value>
              <measures>攝氏度</measures>
            </elementValue>
          </time>
          <time>
            <startTime>2020-10-02T00:00:00+08:00</startTime>
            <endTime>2020-10-03T00:00:00+08:00</endTime>
            <elementValue>
              <value>34</value>
              <measures>攝氏度</measures>
            </elementValue>
          </time>
          <time>
            <startTime>2020-10-03T00:00:00+08:00</startTime>
            <endTime>2020-10-04T00:00:00+08:00</endTime>
            <elementValue>
              <value>34</value>
              <measures>攝氏度</measures>
            </elementValue>
          </time>
          <time>
            <startTime>2020-10-04T00:00:00+08:00</startTime>
            <endTime>2020-10-05T00:00:00+08:00</endTime>
            <elementValue>
              <value>36</value>
              <measures>攝氏度</measures>
            </elementValue>
          </time>
          <time>
            <startTime>2020-10-05T00:00:00+08:00</startTime>
            <endTime>2020-10-06T00:00:00+08:00</endTime>
            <elementValue>
              <value>34</value>
              <measures>攝氏度</measures>
            </elementValue>
          </time>
        </weatherElement>
        <weatherElement>
          <elementName>MinT</elementName>
          <description>最低溫度</description>
          <time>
            <startTime>2020-09-29T12:00:00+08:00</startTime>
            <endTime>2020-09-30T00:00:00+08:00</endTime>
            <elementValue>
              <value>25</value>
              <measures>攝氏度</measures>
            </elementValue>
          </time>
          <time>
            <startTime>2020-09-30T00:00:00+08:00</startTime>
            <endTime>2020-10-01T00:00:00+08:00</endTime>
            <elementValue>
              <value>24</value>
              <measures>攝氏度</measures>
            </elementValue>
          </time>
          <time>
            <startTime>2020-10-01T00:00:00+08:00</startTime>
            <endTime>2020-10-02T00:00:00+08:00</endTime>
            <elementValue>
              <value>23</value>
              <measures>攝氏度</measures>
            </elementValue>
          </time>
          <time>
            <startTime>2020-10-02T00:00:00+08:00</startTime>
            <endTime>2020-10-03T00:00:00+08:00</endTime>
            <elementValue>
              <value>23</value>
              <measures>攝氏度</measures>
            </elementValue>
          </time>
          <time>
            <startTime>2020-10-03T00:00:00+08:00</startTime>
            <endTime>2020-10-04T00:00:00+08:00</endTime>
            <elementValue>
              <value>24</value>
              <measures>攝氏度</measures>
            </elementValue>
          </time>
          <time>
            <startTime>2020-10-04T00:00:00+08:00</startTime>
            <endTime>2020-10-05T00:00:00+08:00</endTime>
            <elementValue>
              <value>24</value>
              <measures>攝氏度</measures>
            </elementValue>
          </time>
          <time>
            <startTime>2020-10-05T00:00:00+08:00</startTime>
            <endTime>2020-10-06T00:00:00+08:00</endTime>
            <elementValue>
              <value>25</value>
              <measures>攝氏度</measures>
            </elementValue>
          </time>
        </weatherElement>
        <weatherElement>
          <elementName>MaxAT</elementName>
          <description>最高體感溫度</description>
          <time>
            <startTime>2020-09-29T12:00:00+08:00</startTime>
            <endTime>2020-09-30T00:00:00+08:00</endTime>
            <elementValue>
              <value>36</value>
              <measures>攝氏度</measures>
            </elementValue>
          </time>
          <time>
            <startTime>2020-09-30T00:00:00+08:00</startTime>
            <endTime>2020-10-01T00:00:00+08:00</endTime>
            <elementValue>
              <value>35</value>
              <measures>攝氏度</measures>
            </elementValue>
          </time>
          <time>
            <startTime>2020-10-01T00:00:00+08:00</startTime>
            <endTime>2020-10-02T00:00:00+08:00</endTime>
            <elementValue>
              <value>35</value>
              <measures>攝氏度</measures>
            </elementValue>
          </time>
          <time>
            <startTime>2020-10-02T00:00:00+08:00</startTime>
            <endTime>2020-10-03T00:00:00+08:00</endTime>
            <elementValue>
              <value>35</value>
              <measures>攝氏度</measures>
            </elementValue>
          </time>
          <time>
            <startTime>2020-10-03T00:00:00+08:00</startTime>
            <endTime>2020-10-04T00:00:00+08:00</endTime>
            <elementValue>
              <value>36</value>
              <measures>攝氏度</measures>
            </elementValue>
          </time>
          <time>
            <startTime>2020-10-04T00:00:00+08:00</startTime>
            <endTime>2020-10-05T00:00:00+08:00</endTime>
            <elementValue>
              <value>37</value>
              <measures>攝氏度</measures>
            </elementValue>
          </time>
          <time>
            <startTime>2020-10-05T00:00:00+08:00</startTime>
            <endTime>2020-10-06T00:00:00+08:00</endTime>
            <elementValue>
              <value>38</value>
              <measures>攝氏度</measures>
            </elementValue>
          </time>
        </weatherElement>
        <weatherElement>
          <elementName>MinAT</elementName>
          <description>最低體感溫度</description>
          <time>
            <startTime>2020-09-29T12:00:00+08:00</startTime>
            <endTime>2020-09-30T00:00:00+08:00</endTime>
            <elementValue>
              <value>28</value>
              <measures>攝氏度</measures>
            </elementValue>
          </time>
          <time>
            <startTime>2020-09-30T00:00:00+08:00</startTime>
            <endTime>2020-10-01T00:00:00+08:00</endTime>
            <elementValue>
              <value>26</value>
              <measures>攝氏度</measures>
            </elementValue>
          </time>
          <time>
            <startTime>2020-10-01T00:00:00+08:00</startTime>
            <endTime>2020-10-02T00:00:00+08:00</endTime>
            <elementValue>
              <value>26</value>
              <measures>攝氏度</measures>
            </elementValue>
          </time>
          <time>
            <startTime>2020-10-02T00:00:00+08:00</startTime>
            <endTime>2020-10-03T00:00:00+08:00</endTime>
            <elementValue>
              <value>25</value>
              <measures>攝氏度</measures>
            </elementValue>
          </time>
          <time>
            <startTime>2020-10-03T00:00:00+08:00</startTime>
            <endTime>2020-10-04T00:00:00+08:00</endTime>
            <elementValue>
              <value>26</value>
              <measures>攝氏度</measures>
            </elementValue>
          </time>
          <time>
            <startTime>2020-10-04T00:00:00+08:00</startTime>
            <endTime>2020-10-05T00:00:00+08:00</endTime>
            <elementValue>
              <value>26</value>
              <measures>攝氏度</measures>
            </elementValue>
          </time>
          <time>
            <startTime>2020-10-05T00:00:00+08:00</startTime>
            <endTime>2020-10-06T00:00:00+08:00</endTime>
            <elementValue>
              <value>26</value>
              <measures>攝氏度</measures>
            </elementValue>
          </time>
        </weatherElement>
        <weatherElement>
          <elementName>MaxCI</elementName>
          <description>最大舒適度指數</description>
          <time>
            <startTime>2020-09-29T12:00:00+08:00</startTime>
            <endTime>2020-09-30T00:00:00+08:00</endTime>
            <elementValue>
              <value>28</value>
              <measures>NA</measures>
            </elementValue>
          </time>
          <time>
            <startTime>2020-09-30T00:00:00+08:00</startTime>
            <endTime>2020-10-01T00:00:00+08:00</endTime>
            <elementValue>
              <value>28</value>
              <measures>NA</measures>
            </elementValue>
          </time>
          <time>
            <startTime>2020-10-01T00:00:00+08:00</startTime>
            <endTime>2020-10-02T00:00:00+08:00</endTime>
            <elementValue>
              <value>27</value>
              <measures>NA</measures>
            </elementValue>
          </time>
          <time>
            <startTime>2020-10-02T00:00:00+08:00</startTime>
            <endTime>2020-10-03T00:00:00+08:00</endTime>
            <elementValue>
              <value>27</value>
              <measures>NA</measures>
            </elementValue>
          </time>
          <time>
            <startTime>2020-10-03T00:00:00+08:00</startTime>
            <endTime>2020-10-04T00:00:00+08:00</endTime>
            <elementValue>
              <value>27</value>
              <measures>NA</measures>
            </elementValue>
          </time>
          <time>
            <startTime>2020-10-04T00:00:00+08:00</startTime>
            <endTime>2020-10-05T00:00:00+08:00</endTime>
            <elementValue>
              <value>28</value>
              <measures>NA</measures>
            </elementValue>
          </time>
          <time>
            <startTime>2020-10-05T00:00:00+08:00</startTime>
            <endTime>2020-10-06T00:00:00+08:00</endTime>
            <elementValue>
              <value>32</value>
              <measures>NA</measures>
            </elementValue>
          </time>
        </weatherElement>
        <weatherElement>
          <elementName>MinCI</elementName>
          <description>最小舒適度指數</description>
          <time>
            <startTime>2020-09-29T12:00:00+08:00</startTime>
            <endTime>2020-09-30T00:00:00+08:00</endTime>
            <elementValue>
              <value>24</value>
              <measures>NA</measures>
            </elementValue>
          </time>
          <time>
            <startTime>2020-09-30T00:00:00+08:00</startTime>
            <endTime>2020-10-01T00:00:00+08:00</endTime>
            <elementValue>
              <value>23</value>
              <measures>NA</measures>
            </elementValue>
          </time>
          <time>
            <startTime>2020-10-01T00:00:00+08:00</startTime>
            <endTime>2020-10-02T00:00:00+08:00</endTime>
            <elementValue>
              <value>22</value>
              <measures>NA</measures>
            </elementValue>
          </time>
          <time>
            <startTime>2020-10-02T00:00:00+08:00</startTime>
            <endTime>2020-10-03T00:00:00+08:00</endTime>
            <elementValue>
              <value>22</value>
              <measures>NA</measures>
            </elementValue>
          </time>
          <time>
            <startTime>2020-10-03T00:00:00+08:00</startTime>
            <endTime>2020-10-04T00:00:00+08:00</endTime>
            <elementValue>
              <value>23</value>
              <measures>NA</measures>
            </elementValue>
          </time>
          <time>
            <startTime>2020-10-04T00:00:00+08:00</startTime>
            <endTime>2020-10-05T00:00:00+08:00</endTime>
            <elementValue>
              <value>23</value>
              <measures>NA</measures>
            </elementValue>
          </time>
          <time>
            <startTime>2020-10-05T00:00:00+08:00</startTime>
            <endTime>2020-10-06T00:00:00+08:00</endTime>
            <elementValue>
              <value>23</value>
              <measures>NA</measures>
            </elementValue>
          </time>
        </weatherElement>
        <weatherElement>
          <elementName>PoP24h</elementName>
          <description>24小時降雨機率</description>
          <time>
            <startTime>2020-09-29T12:00:00+08:00</startTime>
            <endTime>2020-09-30T00:00:00+08:00</endTime>
            <elementValue>
              <value>10</value>
              <measures>百分比</measures>
            </elementValue>
          </time>
          <time>
            <startTime>2020-09-30T00:00:00+08:00</startTime>
            <endTime>2020-10-01T00:00:00+08:00</endTime>
            <elementValue>
              <value>10</value>
              <measures>百分比</measures>
            </elementValue>
          </time>
          <time>
            <startTime>2020-10-01T00:00:00+08:00</startTime>
            <endTime>2020-10-02T00:00:00+08:00</endTime>
            <elementValue>
              <value>20</value>
              <measures>百分比</measures>
            </elementValue>
          </time>
          <time>
            <startTime>2020-10-02T00:00:00+08:00</startTime>
            <endTime>2020-10-03T00:00:00+08:00</endTime>
            <elementValue>
              <value> </value>
              <measures>百分比</measures>
            </elementValue>
          </time>
          <time>
            <startTime>2020-10-03T00:00:00+08:00</startTime>
            <endTime>2020-10-04T00:00:00+08:00</endTime>
            <elementValue>
              <value> </value>
              <measures>百分比</measures>
            </elementValue>
          </time>
          <time>
            <startTime>2020-10-04T00:00:00+08:00</startTime>
            <endTime>2020-10-05T00:00:00+08:00</endTime>
            <elementValue>
              <value> </value>
              <measures>百分比</measures>
            </elementValue>
          </time>
          <time>
            <startTime>2020-10-05T00:00:00+08:00</startTime>
            <endTime>2020-10-06T00:00:00+08:00</endTime>
            <elementValue>
              <value> </value>
              <measures>百分比</measures>
            </elementValue>
          </time>
        </weatherElement>
        <weatherElement>
          <elementName>WD</elementName>
          <description>風向</description>
          <time>
            <startTime>2020-09-29T12:00:00+08:00</startTime>
            <endTime>2020-09-30T00:00:00+08:00</endTime>
            <elementValue>
              <value>偏北風</value>
              <measures>8方位</measures>
            </elementValue>
          </time>
          <time>
            <startTime>2020-09-30T00:00:00+08:00</startTime>
            <endTime>2020-10-01T00:00:00+08:00</endTime>
            <elementValue>
              <value>偏北風</value>
              <measures>8方位</measures>
            </elementValue>
          </time>
          <time>
            <startTime>2020-10-01T00:00:00+08:00</startTime>
            <endTime>2020-10-02T00:00:00+08:00</endTime>
            <elementValue>
              <value>偏西風</value>
              <measures>8方位</measures>
            </elementValue>
          </time>
          <time>
            <startTime>2020-10-02T00:00:00+08:00</startTime>
            <endTime>2020-10-03T00:00:00+08:00</endTime>
            <elementValue>
              <value>偏西風</value>
              <measures>8方位</measures>
            </elementValue>
          </time>
          <time>
            <startTime>2020-10-03T00:00:00+08:00</startTime>
            <endTime>2020-10-04T00:00:00+08:00</endTime>
            <elementValue>
              <value>偏西風</value>
              <measures>8方位</measures>
            </elementValue>
          </time>
          <time>
            <startTime>2020-10-04T00:00:00+08:00</startTime>
            <endTime>2020-10-05T00:00:00+08:00</endTime>
            <elementValue>
              <value>偏西風</value>
              <measures>8方位</measures>
            </elementValue>
          </time>
          <time>
            <startTime>2020-10-05T00:00:00+08:00</startTime>
            <endTime>2020-10-06T00:00:00+08:00</endTime>
            <elementValue>
              <value>西北風</value>
              <measures>8方位</measures>
            </elementValue>
          </time>
        </weatherElement>
        <weatherElement>
          <elementName>WS</elementName>
          <description>最大風速</description>
          <time>
            <startTime>2020-09-29T12:00:00+08:00</startTime>
            <endTime>2020-09-30T00:00:00+08:00</endTime>
            <elementValue>
              <value>2</value>
              <measures>公尺/秒</measures>
            </elementValue>
            <elementValue>
              <value>2</value>
              <measures>蒲福風級</measures>
            </elementValue>
          </time>
          <time>
            <startTime>2020-09-30T00:00:00+08:00</startTime>
            <endTime>2020-10-01T00:00:00+08:00</endTime>
            <elementValue>
              <value>3</value>
              <measures>公尺/秒</measures>
            </elementValue>
            <elementValue>
              <value>2</value>
              <measures>蒲福風級</measures>
            </elementValue>
          </time>
          <time>
            <startTime>2020-10-01T00:00:00+08:00</startTime>
            <endTime>2020-10-02T00:00:00+08:00</endTime>
            <elementValue>
              <value>2</value>
              <measures>公尺/秒</measures>
            </elementValue>
            <elementValue>
              <value>2</value>
              <measures>蒲福風級</measures>
            </elementValue>
          </time>
          <time>
            <startTime>2020-10-02T00:00:00+08:00</startTime>
            <endTime>2020-10-03T00:00:00+08:00</endTime>
            <elementValue>
              <value>2</value>
              <measures>公尺/秒</measures>
            </elementValue>
            <elementValue>
              <value>2</value>
              <measures>蒲福風級</measures>
            </elementValue>
          </time>
          <time>
            <startTime>2020-10-03T00:00:00+08:00</startTime>
            <endTime>2020-10-04T00:00:00+08:00</endTime>
            <elementValue>
              <value>3</value>
              <measures>公尺/秒</measures>
            </elementValue>
            <elementValue>
              <value>2</value>
              <measures>蒲福風級</measures>
            </elementValue>
          </time>
          <time>
            <startTime>2020-10-04T00:00:00+08:00</startTime>
            <endTime>2020-10-05T00:00:00+08:00</endTime>
            <elementValue>
              <value>2</value>
              <measures>公尺/秒</measures>
            </elementValue>
            <elementValue>
              <value>2</value>
              <measures>蒲福風級</measures>
            </elementValue>
          </time>
          <time>
            <startTime>2020-10-05T00:00:00+08:00</startTime>
            <endTime>2020-10-06T00:00:00+08:00</endTime>
            <elementValue>
              <value>2</value>
              <measures>公尺/秒</measures>
            </elementValue>
            <elementValue>
              <value>2</value>
              <measures>蒲福風級</measures>
            </elementValue>
          </time>
        </weatherElement>
        <weatherElement>
          <elementName>Wx</elementName>
          <description>天氣現象</description>
          <time>
            <startTime>2020-09-29T12:00:00+08:00</startTime>
            <endTime>2020-09-30T00:00:00+08:00</endTime>
            <elementValue>
              <value>多雲時晴</value>
              <measures>自定義 Wx 文字</measures>
            </elementValue>
            <elementValue>
              <value>03</value>
              <measures>自定義 Wx 單位</measures>
            </elementValue>
          </time>
          <time>
            <startTime>2020-09-30T00:00:00+08:00</startTime>
            <endTime>2020-10-01T00:00:00+08:00</endTime>
            <elementValue>
              <value>多雲時晴</value>
              <measures>自定義 Wx 文字</measures>
            </elementValue>
            <elementValue>
              <value>03</value>
              <measures>自定義 Wx 單位</measures>
            </elementValue>
          </time>
          <time>
            <startTime>2020-10-01T00:00:00+08:00</startTime>
            <endTime>2020-10-02T00:00:00+08:00</endTime>
            <elementValue>
              <value>多雲時晴</value>
              <measures>自定義 Wx 文字</measures>
            </elementValue>
            <elementValue>
              <value>03</value>
              <measures>自定義 Wx 單位</measures>
            </elementValue>
          </time>
          <time>
            <startTime>2020-10-02T00:00:00+08:00</startTime>
            <endTime>2020-10-03T00:00:00+08:00</endTime>
            <elementValue>
              <value>晴時多雲</value>
              <measures>自定義 Wx 文字</measures>
            </elementValue>
            <elementValue>
              <value>02</value>
              <measures>自定義 Wx 單位</measures>
            </elementValue>
          </time>
          <time>
            <startTime>2020-10-03T00:00:00+08:00</startTime>
            <endTime>2020-10-04T00:00:00+08:00</endTime>
            <elementValue>
              <value>多雲時晴</value>
              <measures>自定義 Wx 文字</measures>
            </elementValue>
            <elementValue>
              <value>03</value>
              <measures>自定義 Wx 單位</measures>
            </elementValue>
          </time>
          <time>
            <startTime>2020-10-04T00:00:00+08:00</startTime>
            <endTime>2020-10-05T00:00:00+08:00</endTime>
            <elementValue>
              <value>晴時多雲</value>
              <measures>自定義 Wx 文字</measures>
            </elementValue>
            <elementValue>
              <value>02</value>
              <measures>自定義 Wx 單位</measures>
            </elementValue>
          </time>
          <time>
            <startTime>2020-10-05T00:00:00+08:00</startTime>
            <endTime>2020-10-06T00:00:00+08:00</endTime>
            <elementValue>
              <value>多雲短暫雨</value>
              <measures>自定義 Wx 文字</measures>
            </elementValue>
            <elementValue>
              <value>08</value>
              <measures>自定義 Wx 單位</measures>
            </elementValue>
          </time>
        </weatherElement>
        <weatherElement>
          <elementName>UVI</elementName>
          <description>紫外線指數</description>
          <time>
            <startTime>2020-09-29T06:00:00+08:00</startTime>
            <endTime>2020-09-29T18:00:00+08:00</endTime>
            <elementValue>
              <value>8</value>
              <measures>紫外線指數</measures>
            </elementValue>
            <elementValue>
              <value>過量級</value>
              <measures>曝曬級數</measures>
            </elementValue>
          </time>
          <time>
            <startTime>2020-09-30T06:00:00+08:00</startTime>
            <endTime>2020-09-30T18:00:00+08:00</endTime>
            <elementValue>
              <value>7</value>
              <measures>紫外線指數</measures>
            </elementValue>
            <elementValue>
              <value>高量級</value>
              <measures>曝曬級數</measures>
            </elementValue>
          </time>
          <time>
            <startTime>2020-10-01T06:00:00+08:00</startTime>
            <endTime>2020-10-01T18:00:00+08:00</endTime>
            <elementValue>
              <value>7</value>
              <measures>紫外線指數</measures>
            </elementValue>
            <elementValue>
              <value>高量級</value>
              <measures>曝曬級數</measures>
            </elementValue>
          </time>
          <time>
            <startTime>2020-10-02T06:00:00+08:00</startTime>
            <endTime>2020-10-02T18:00:00+08:00</endTime>
            <elementValue>
              <value>8</value>
              <measures>紫外線指數</measures>
            </elementValue>
            <elementValue>
              <value>過量級</value>
              <measures>曝曬級數</measures>
            </elementValue>
          </time>
          <time>
            <startTime>2020-10-03T06:00:00+08:00</startTime>
            <endTime>2020-10-03T18:00:00+08:00</endTime>
            <elementValue>
              <value>8</value>
              <measures>紫外線指數</measures>
            </elementValue>
            <elementValue>
              <value>過量級</value>
              <measures>曝曬級數</measures>
            </elementValue>
          </time>
          <time>
            <startTime>2020-10-04T06:00:00+08:00</startTime>
            <endTime>2020-10-04T18:00:00+08:00</endTime>
            <elementValue>
              <value>8</value>
              <measures>紫外線指數</measures>
            </elementValue>
            <elementValue>
              <value>過量級</value>
              <measures>曝曬級數</measures>
            </elementValue>
          </time>
          <time>
            <startTime>2020-10-05T06:00:00+08:00</startTime>
            <endTime>2020-10-05T18:00:00+08:00</endTime>
            <elementValue>
              <value>8</value>
              <measures>紫外線指數</measures>
            </elementValue>
            <elementValue>
              <value>過量級</value>
              <measures>曝曬級數</measures>
            </elementValue>
          </time>
        </weatherElement>
        <weatherElement>
          <elementName>WeatherDescription</elementName>
          <description>天氣預報綜合描述</description>
          <time>
            <startTime>2020-09-29T12:00:00+08:00</startTime>
            <endTime>2020-09-30T00:00:00+08:00</endTime>
            <elementValue>
              <value>多雲時晴。降雨機率 10%。溫度攝氏25至33度。舒適至悶熱。偏北風 風速2級(每秒2公尺)。相對濕度67%。</value>
              <measures>NA</measures>
            </elementValue>
          </time>
          <time>
            <startTime>2020-09-30T00:00:00+08:00</startTime>
            <endTime>2020-10-01T00:00:00+08:00</endTime>
            <elementValue>
              <value>多雲時晴。降雨機率 10%。溫度攝氏24至32度。舒適至悶熱。偏北風 風速2級(每秒3公尺)。相對濕度68%。</value>
              <measures>NA</measures>
            </elementValue>
          </time>
          <time>
            <startTime>2020-10-01T00:00:00+08:00</startTime>
            <endTime>2020-10-02T00:00:00+08:00</endTime>
            <elementValue>
              <value>多雲時晴。降雨機率 20%。溫度攝氏23至33度。舒適至悶熱。偏西風 風速2級(每秒2公尺)。相對濕度67%。</value>
              <measures>NA</measures>
            </elementValue>
          </time>
          <time>
            <startTime>2020-10-02T00:00:00+08:00</startTime>
            <endTime>2020-10-03T00:00:00+08:00</endTime>
            <elementValue>
              <value>晴時多雲。溫度攝氏23至34度。舒適至悶熱。偏西風 風速2級(每秒2公尺)。相對濕度64%。</value>
              <measures>NA</measures>
            </elementValue>
          </time>
          <time>
            <startTime>2020-10-03T00:00:00+08:00</startTime>
            <endTime>2020-10-04T00:00:00+08:00</endTime>
            <elementValue>
              <value>多雲時晴。溫度攝氏24至34度。舒適至悶熱。偏西風 風速2級(每秒3公尺)。相對濕度66%。</value>
              <measures>NA</measures>
            </elementValue>
          </time>
          <time>
            <startTime>2020-10-04T00:00:00+08:00</startTime>
            <endTime>2020-10-05T00:00:00+08:00</endTime>
            <elementValue>
              <value>晴時多雲。溫度攝氏24至36度。舒適至悶熱。偏西風 風速2級(每秒2公尺)。相對濕度57%。</value>
              <measures>NA</measures>
            </elementValue>
          </time>
          <time>
            <startTime>2020-10-05T00:00:00+08:00</startTime>
            <endTime>2020-10-06T00:00:00+08:00</endTime>
            <elementValue>
              <value>多雲短暫雨。溫度攝氏25至34度。舒適至易中暑。西北風 風速2級(每秒2公尺)。相對濕度67%。</value>
              <measures>NA</measures>
            </elementValue>
          </time>
        </weatherElement>
      </location>
      <location>
        <locationName>西區</locationName>
        <geocode>1002002</geocode>
        <lat>23.466267</lat>
        <lon>120.427285</lon>
        <weatherElement>
          <elementName>T</elementName>
          <description>平均溫度</description>
          <time>
            <startTime>2020-09-29T12:00:00+08:00</startTime>
            <endTime>2020-09-30T00:00:00+08:00</endTime>
            <elementValue>
              <value>30</value>
              <measures>攝氏度</measures>
            </elementValue>
          </time>
          <time>
            <startTime>2020-09-30T00:00:00+08:00</startTime>
            <endTime>2020-10-01T00:00:00+08:00</endTime>
            <elementValue>
              <value>28</value>
              <measures>攝氏度</measures>
            </elementValue>
          </time>
          <time>
            <startTime>2020-10-01T00:00:00+08:00</startTime>
            <endTime>2020-10-02T00:00:00+08:00</endTime>
            <elementValue>
              <value>27</value>
              <measures>攝氏度</measures>
            </elementValue>
          </time>
          <time>
            <startTime>2020-10-02T00:00:00+08:00</startTime>
            <endTime>2020-10-03T00:00:00+08:00</endTime>
            <elementValue>
              <value>28</value>
              <measures>攝氏度</measures>
            </elementValue>
          </time>
          <time>
            <startTime>2020-10-03T00:00:00+08:00</startTime>
            <endTime>2020-10-04T00:00:00+08:00</endTime>
            <elementValue>
              <value>28</value>
              <measures>攝氏度</measures>
            </elementValue>
          </time>
          <time>
            <startTime>2020-10-04T00:00:00+08:00</startTime>
            <endTime>2020-10-05T00:00:00+08:00</endTime>
            <elementValue>
              <value>29</value>
              <measures>攝氏度</measures>
            </elementValue>
          </time>
          <time>
            <startTime>2020-10-05T00:00:00+08:00</startTime>
            <endTime>2020-10-06T00:00:00+08:00</endTime>
            <elementValue>
              <value>29</value>
              <measures>攝氏度</measures>
            </elementValue>
          </time>
        </weatherElement>
        <weatherElement>
          <elementName>Td</elementName>
          <description>平均露點溫度</description>
          <time>
            <startTime>2020-09-29T12:00:00+08:00</startTime>
            <endTime>2020-09-30T00:00:00+08:00</endTime>
            <elementValue>
              <value>22</value>
              <measures>攝氏度</measures>
            </elementValue>
          </time>
          <time>
            <startTime>2020-09-30T00:00:00+08:00</startTime>
            <endTime>2020-10-01T00:00:00+08:00</endTime>
            <elementValue>
              <value>20</value>
              <measures>攝氏度</measures>
            </elementValue>
          </time>
          <time>
            <startTime>2020-10-01T00:00:00+08:00</startTime>
            <endTime>2020-10-02T00:00:00+08:00</endTime>
            <elementValue>
              <value>19</value>
              <measures>攝氏度</measures>
            </elementValue>
          </time>
          <time>
            <startTime>2020-10-02T00:00:00+08:00</startTime>
            <endTime>2020-10-03T00:00:00+08:00</endTime>
            <elementValue>
              <value>19</value>
              <measures>攝氏度</measures>
            </elementValue>
          </time>
          <time>
            <startTime>2020-10-03T00:00:00+08:00</startTime>
            <endTime>2020-10-04T00:00:00+08:00</endTime>
            <elementValue>
              <value>20</value>
              <measures>攝氏度</measures>
            </elementValue>
          </time>
          <time>
            <startTime>2020-10-04T00:00:00+08:00</startTime>
            <endTime>2020-10-05T00:00:00+08:00</endTime>
            <elementValue>
              <value>19</value>
              <measures>攝氏度</measures>
            </elementValue>
          </time>
          <time>
            <startTime>2020-10-05T00:00:00+08:00</startTime>
            <endTime>2020-10-06T00:00:00+08:00</endTime>
            <elementValue>
              <value>23</value>
              <measures>攝氏度</measures>
            </elementValue>
          </time>
        </weatherElement>
        <weatherElement>
          <elementName>RH</elementName>
          <description>平均相對濕度</description>
          <time>
            <startTime>2020-09-29T12:00:00+08:00</startTime>
            <endTime>2020-09-30T00:00:00+08:00</endTime>
            <elementValue>
              <value>64</value>
              <measures>百分比</measures>
            </elementValue>
          </time>
          <time>
            <startTime>2020-09-30T00:00:00+08:00</startTime>
            <endTime>2020-10-01T00:00:00+08:00</endTime>
            <elementValue>
              <value>65</value>
              <measures>百分比</measures>
            </elementValue>
          </time>
          <time>
            <startTime>2020-10-01T00:00:00+08:00</startTime>
            <endTime>2020-10-02T00:00:00+08:00</endTime>
            <elementValue>
              <value>63</value>
              <measures>百分比</measures>
            </elementValue>
          </time>
          <time>
            <startTime>2020-10-02T00:00:00+08:00</startTime>
            <endTime>2020-10-03T00:00:00+08:00</endTime>
            <elementValue>
              <value>61</value>
              <measures>百分比</measures>
            </elementValue>
          </time>
          <time>
            <startTime>2020-10-03T00:00:00+08:00</startTime>
            <endTime>2020-10-04T00:00:00+08:00</endTime>
            <elementValue>
              <value>64</value>
              <measures>百分比</measures>
            </elementValue>
          </time>
          <time>
            <startTime>2020-10-04T00:00:00+08:00</startTime>
            <endTime>2020-10-05T00:00:00+08:00</endTime>
            <elementValue>
              <value>57</value>
              <measures>百分比</measures>
            </elementValue>
          </time>
          <time>
            <startTime>2020-10-05T00:00:00+08:00</startTime>
            <endTime>2020-10-06T00:00:00+08:00</endTime>
            <elementValue>
              <value>66</value>
              <measures>百分比</measures>
            </elementValue>
          </time>
        </weatherElement>
        <weatherElement>
          <elementName>MaxT</elementName>
          <description>最高溫度</description>
          <time>
            <startTime>2020-09-29T12:00:00+08:00</startTime>
            <endTime>2020-09-30T00:00:00+08:00</endTime>
            <elementValue>
              <value>33</value>
              <measures>攝氏度</measures>
            </elementValue>
          </time>
          <time>
            <startTime>2020-09-30T00:00:00+08:00</startTime>
            <endTime>2020-10-01T00:00:00+08:00</endTime>
            <elementValue>
              <value>33</value>
              <measures>攝氏度</measures>
            </elementValue>
          </time>
          <time>
            <startTime>2020-10-01T00:00:00+08:00</startTime>
            <endTime>2020-10-02T00:00:00+08:00</endTime>
            <elementValue>
              <value>33</value>
              <measures>攝氏度</measures>
            </elementValue>
          </time>
          <time>
            <startTime>2020-10-02T00:00:00+08:00</startTime>
            <endTime>2020-10-03T00:00:00+08:00</endTime>
            <elementValue>
              <value>34</value>
              <measures>攝氏度</measures>
            </elementValue>
          </time>
          <time>
            <startTime>2020-10-03T00:00:00+08:00</startTime>
            <endTime>2020-10-04T00:00:00+08:00</endTime>
            <elementValue>
              <value>34</value>
              <measures>攝氏度</measures>
            </elementValue>
          </time>
          <time>
            <startTime>2020-10-04T00:00:00+08:00</startTime>
            <endTime>2020-10-05T00:00:00+08:00</endTime>
            <elementValue>
              <value>36</value>
              <measures>攝氏度</measures>
            </elementValue>
          </time>
          <time>
            <startTime>2020-10-05T00:00:00+08:00</startTime>
            <endTime>2020-10-06T00:00:00+08:00</endTime>
            <elementValue>
              <value>35</value>
              <measures>攝氏度</measures>
            </elementValue>
          </time>
        </weatherElement>
        <weatherElement>
          <elementName>MinT</elementName>
          <description>最低溫度</description>
          <time>
            <startTime>2020-09-29T12:00:00+08:00</startTime>
            <endTime>2020-09-30T00:00:00+08:00</endTime>
            <elementValue>
              <value>26</value>
              <measures>攝氏度</measures>
            </elementValue>
          </time>
          <time>
            <startTime>2020-09-30T00:00:00+08:00</startTime>
            <endTime>2020-10-01T00:00:00+08:00</endTime>
            <elementValue>
              <value>24</value>
              <measures>攝氏度</measures>
            </elementValue>
          </time>
          <time>
            <startTime>2020-10-01T00:00:00+08:00</startTime>
            <endTime>2020-10-02T00:00:00+08:00</endTime>
            <elementValue>
              <value>24</value>
              <measures>攝氏度</measures>
            </elementValue>
          </time>
          <time>
            <startTime>2020-10-02T00:00:00+08:00</startTime>
            <endTime>2020-10-03T00:00:00+08:00</endTime>
            <elementValue>
              <value>23</value>
              <measures>攝氏度</measures>
            </elementValue>
          </time>
          <time>
            <startTime>2020-10-03T00:00:00+08:00</startTime>
            <endTime>2020-10-04T00:00:00+08:00</endTime>
            <elementValue>
              <value>24</value>
              <measures>攝氏度</measures>
            </elementValue>
          </time>
          <time>
            <startTime>2020-10-04T00:00:00+08:00</startTime>
            <endTime>2020-10-05T00:00:00+08:00</endTime>
            <elementValue>
              <value>24</value>
              <measures>攝氏度</measures>
            </elementValue>
          </time>
          <time>
            <startTime>2020-10-05T00:00:00+08:00</startTime>
            <endTime>2020-10-06T00:00:00+08:00</endTime>
            <elementValue>
              <value>25</value>
              <measures>攝氏度</measures>
            </elementValue>
          </time>
        </weatherElement>
        <weatherElement>
          <elementName>MaxAT</elementName>
          <description>最高體感溫度</description>
          <time>
            <startTime>2020-09-29T12:00:00+08:00</startTime>
            <endTime>2020-09-30T00:00:00+08:00</endTime>
            <elementValue>
              <value>36</value>
              <measures>攝氏度</measures>
            </elementValue>
          </time>
          <time>
            <startTime>2020-09-30T00:00:00+08:00</startTime>
            <endTime>2020-10-01T00:00:00+08:00</endTime>
            <elementValue>
              <value>35</value>
              <measures>攝氏度</measures>
            </elementValue>
          </time>
          <time>
            <startTime>2020-10-01T00:00:00+08:00</startTime>
            <endTime>2020-10-02T00:00:00+08:00</endTime>
            <elementValue>
              <value>35</value>
              <measures>攝氏度</measures>
            </elementValue>
          </time>
          <time>
            <startTime>2020-10-02T00:00:00+08:00</startTime>
            <endTime>2020-10-03T00:00:00+08:00</endTime>
            <elementValue>
              <value>35</value>
              <measures>攝氏度</measures>
            </elementValue>
          </time>
          <time>
            <startTime>2020-10-03T00:00:00+08:00</startTime>
            <endTime>2020-10-04T00:00:00+08:00</endTime>
            <elementValue>
              <value>35</value>
              <measures>攝氏度</measures>
            </elementValue>
          </time>
          <time>
            <startTime>2020-10-04T00:00:00+08:00</startTime>
            <endTime>2020-10-05T00:00:00+08:00</endTime>
            <elementValue>
              <value>37</value>
              <measures>攝氏度</measures>
            </elementValue>
          </time>
          <time>
            <startTime>2020-10-05T00:00:00+08:00</startTime>
            <endTime>2020-10-06T00:00:00+08:00</endTime>
            <elementValue>
              <value>37</value>
              <measures>攝氏度</measures>
            </elementValue>
          </time>
        </weatherElement>
        <weatherElement>
          <elementName>MinAT</elementName>
          <description>最低體感溫度</description>
          <time>
            <startTime>2020-09-29T12:00:00+08:00</startTime>
            <endTime>2020-09-30T00:00:00+08:00</endTime>
            <elementValue>
              <value>28</value>
              <measures>攝氏度</measures>
            </elementValue>
          </time>
          <time>
            <startTime>2020-09-30T00:00:00+08:00</startTime>
            <endTime>2020-10-01T00:00:00+08:00</endTime>
            <elementValue>
              <value>26</value>
              <measures>攝氏度</measures>
            </elementValue>
          </time>
          <time>
            <startTime>2020-10-01T00:00:00+08:00</startTime>
            <endTime>2020-10-02T00:00:00+08:00</endTime>
            <elementValue>
              <value>25</value>
              <measures>攝氏度</measures>
            </elementValue>
          </time>
          <time>
            <startTime>2020-10-02T00:00:00+08:00</startTime>
            <endTime>2020-10-03T00:00:00+08:00</endTime>
            <elementValue>
              <value>25</value>
              <measures>攝氏度</measures>
            </elementValue>
          </time>
          <time>
            <startTime>2020-10-03T00:00:00+08:00</startTime>
            <endTime>2020-10-04T00:00:00+08:00</endTime>
            <elementValue>
              <value>26</value>
              <measures>攝氏度</measures>
            </elementValue>
          </time>
          <time>
            <startTime>2020-10-04T00:00:00+08:00</startTime>
            <endTime>2020-10-05T00:00:00+08:00</endTime>
            <elementValue>
              <value>26</value>
              <measures>攝氏度</measures>
            </elementValue>
          </time>
          <time>
            <startTime>2020-10-05T00:00:00+08:00</startTime>
            <endTime>2020-10-06T00:00:00+08:00</endTime>
            <elementValue>
              <value>26</value>
              <measures>攝氏度</measures>
            </elementValue>
          </time>
        </weatherElement>
        <weatherElement>
          <elementName>MaxCI</elementName>
          <description>最大舒適度指數</description>
          <time>
            <startTime>2020-09-29T12:00:00+08:00</startTime>
            <endTime>2020-09-30T00:00:00+08:00</endTime>
            <elementValue>
              <value>28</value>
              <measures>NA</measures>
            </elementValue>
          </time>
          <time>
            <startTime>2020-09-30T00:00:00+08:00</startTime>
            <endTime>2020-10-01T00:00:00+08:00</endTime>
            <elementValue>
              <value>27</value>
              <measures>NA</measures>
            </elementValue>
          </time>
          <time>
            <startTime>2020-10-01T00:00:00+08:00</startTime>
            <endTime>2020-10-02T00:00:00+08:00</endTime>
            <elementValue>
              <value>27</value>
              <measures>NA</measures>
            </elementValue>
          </time>
          <time>
            <startTime>2020-10-02T00:00:00+08:00</startTime>
            <endTime>2020-10-03T00:00:00+08:00</endTime>
            <elementValue>
              <value>27</value>
              <measures>NA</measures>
            </elementValue>
          </time>
          <time>
            <startTime>2020-10-03T00:00:00+08:00</startTime>
            <endTime>2020-10-04T00:00:00+08:00</endTime>
            <elementValue>
              <value>27</value>
              <measures>NA</measures>
            </elementValue>
          </time>
          <time>
            <startTime>2020-10-04T00:00:00+08:00</startTime>
            <endTime>2020-10-05T00:00:00+08:00</endTime>
            <elementValue>
              <value>28</value>
              <measures>NA</measures>
            </elementValue>
          </time>
          <time>
            <startTime>2020-10-05T00:00:00+08:00</startTime>
            <endTime>2020-10-06T00:00:00+08:00</endTime>
            <elementValue>
              <value>33</value>
              <measures>NA</measures>
            </elementValue>
          </time>
        </weatherElement>
        <weatherElement>
          <elementName>MinCI</elementName>
          <description>最小舒適度指數</description>
          <time>
            <startTime>2020-09-29T12:00:00+08:00</startTime>
            <endTime>2020-09-30T00:00:00+08:00</endTime>
            <elementValue>
              <value>24</value>
              <measures>NA</measures>
            </elementValue>
          </time>
          <time>
            <startTime>2020-09-30T00:00:00+08:00</startTime>
            <endTime>2020-10-01T00:00:00+08:00</endTime>
            <elementValue>
              <value>23</value>
              <measures>NA</measures>
            </elementValue>
          </time>
          <time>
            <startTime>2020-10-01T00:00:00+08:00</startTime>
            <endTime>2020-10-02T00:00:00+08:00</endTime>
            <elementValue>
              <value>22</value>
              <measures>NA</measures>
            </elementValue>
          </time>
          <time>
            <startTime>2020-10-02T00:00:00+08:00</startTime>
            <endTime>2020-10-03T00:00:00+08:00</endTime>
            <elementValue>
              <value>22</value>
              <measures>NA</measures>
            </elementValue>
          </time>
          <time>
            <startTime>2020-10-03T00:00:00+08:00</startTime>
            <endTime>2020-10-04T00:00:00+08:00</endTime>
            <elementValue>
              <value>23</value>
              <measures>NA</measures>
            </elementValue>
          </time>
          <time>
            <startTime>2020-10-04T00:00:00+08:00</startTime>
            <endTime>2020-10-05T00:00:00+08:00</endTime>
            <elementValue>
              <value>23</value>
              <measures>NA</measures>
            </elementValue>
          </time>
          <time>
            <startTime>2020-10-05T00:00:00+08:00</startTime>
            <endTime>2020-10-06T00:00:00+08:00</endTime>
            <elementValue>
              <value>23</value>
              <measures>NA</measures>
            </elementValue>
          </time>
        </weatherElement>
        <weatherElement>
          <elementName>PoP24h</elementName>
          <description>24小時降雨機率</description>
          <time>
            <startTime>2020-09-29T12:00:00+08:00</startTime>
            <endTime>2020-09-30T00:00:00+08:00</endTime>
            <elementValue>
              <value>10</value>
              <measures>百分比</measures>
            </elementValue>
          </time>
          <time>
            <startTime>2020-09-30T00:00:00+08:00</startTime>
            <endTime>2020-10-01T00:00:00+08:00</endTime>
            <elementValue>
              <value>10</value>
              <measures>百分比</measures>
            </elementValue>
          </time>
          <time>
            <startTime>2020-10-01T00:00:00+08:00</startTime>
            <endTime>2020-10-02T00:00:00+08:00</endTime>
            <elementValue>
              <value>20</value>
              <measures>百分比</measures>
            </elementValue>
          </time>
          <time>
            <startTime>2020-10-02T00:00:00+08:00</startTime>
            <endTime>2020-10-03T00:00:00+08:00</endTime>
            <elementValue>
              <value> </value>
              <measures>百分比</measures>
            </elementValue>
          </time>
          <time>
            <startTime>2020-10-03T00:00:00+08:00</startTime>
            <endTime>2020-10-04T00:00:00+08:00</endTime>
            <elementValue>
              <value> </value>
              <measures>百分比</measures>
            </elementValue>
          </time>
          <time>
            <startTime>2020-10-04T00:00:00+08:00</startTime>
            <endTime>2020-10-05T00:00:00+08:00</endTime>
            <elementValue>
              <value> </value>
              <measures>百分比</measures>
            </elementValue>
          </time>
          <time>
            <startTime>2020-10-05T00:00:00+08:00</startTime>
            <endTime>2020-10-06T00:00:00+08:00</endTime>
            <elementValue>
              <value> </value>
              <measures>百分比</measures>
            </elementValue>
          </time>
        </weatherElement>
        <weatherElement>
          <elementName>WD</elementName>
          <description>風向</description>
          <time>
            <startTime>2020-09-29T12:00:00+08:00</startTime>
            <endTime>2020-09-30T00:00:00+08:00</endTime>
            <elementValue>
              <value>偏北風</value>
              <measures>8方位</measures>
            </elementValue>
          </time>
          <time>
            <startTime>2020-09-30T00:00:00+08:00</startTime>
            <endTime>2020-10-01T00:00:00+08:00</endTime>
            <elementValue>
              <value>偏北風</value>
              <measures>8方位</measures>
            </elementValue>
          </time>
          <time>
            <startTime>2020-10-01T00:00:00+08:00</startTime>
            <endTime>2020-10-02T00:00:00+08:00</endTime>
            <elementValue>
              <value>偏西風</value>
              <measures>8方位</measures>
            </elementValue>
          </time>
          <time>
            <startTime>2020-10-02T00:00:00+08:00</startTime>
            <endTime>2020-10-03T00:00:00+08:00</endTime>
            <elementValue>
              <value>偏南風</value>
              <measures>8方位</measures>
            </elementValue>
          </time>
          <time>
            <startTime>2020-10-03T00:00:00+08:00</startTime>
            <endTime>2020-10-04T00:00:00+08:00</endTime>
            <elementValue>
              <value>偏西風</value>
              <measures>8方位</measures>
            </elementValue>
          </time>
          <time>
            <startTime>2020-10-04T00:00:00+08:00</startTime>
            <endTime>2020-10-05T00:00:00+08:00</endTime>
            <elementValue>
              <value>偏西風</value>
              <measures>8方位</measures>
            </elementValue>
          </time>
          <time>
            <startTime>2020-10-05T00:00:00+08:00</startTime>
            <endTime>2020-10-06T00:00:00+08:00</endTime>
            <elementValue>
              <value>西北風</value>
              <measures>8方位</measures>
            </elementValue>
          </time>
        </weatherElement>
        <weatherElement>
          <elementName>WS</elementName>
          <description>最大風速</description>
          <time>
            <startTime>2020-09-29T12:00:00+08:00</startTime>
            <endTime>2020-09-30T00:00:00+08:00</endTime>
            <elementValue>
              <value>3</value>
              <measures>公尺/秒</measures>
            </elementValue>
            <elementValue>
              <value>2</value>
              <measures>蒲福風級</measures>
            </elementValue>
          </time>
          <time>
            <startTime>2020-09-30T00:00:00+08:00</startTime>
            <endTime>2020-10-01T00:00:00+08:00</endTime>
            <elementValue>
              <value>4</value>
              <measures>公尺/秒</measures>
            </elementValue>
            <elementValue>
              <value>3</value>
              <measures>蒲福風級</measures>
            </elementValue>
          </time>
          <time>
            <startTime>2020-10-01T00:00:00+08:00</startTime>
            <endTime>2020-10-02T00:00:00+08:00</endTime>
            <elementValue>
              <value>3</value>
              <measures>公尺/秒</measures>
            </elementValue>
            <elementValue>
              <value>2</value>
              <measures>蒲福風級</measures>
            </elementValue>
          </time>
          <time>
            <startTime>2020-10-02T00:00:00+08:00</startTime>
            <endTime>2020-10-03T00:00:00+08:00</endTime>
            <elementValue>
              <value>3</value>
              <measures>公尺/秒</measures>
            </elementValue>
            <elementValue>
              <value>2</value>
              <measures>蒲福風級</measures>
            </elementValue>
          </time>
          <time>
            <startTime>2020-10-03T00:00:00+08:00</startTime>
            <endTime>2020-10-04T00:00:00+08:00</endTime>
            <elementValue>
              <value>4</value>
              <measures>公尺/秒</measures>
            </elementValue>
            <elementValue>
              <value>3</value>
              <measures>蒲福風級</measures>
            </elementValue>
          </time>
          <time>
            <startTime>2020-10-04T00:00:00+08:00</startTime>
            <endTime>2020-10-05T00:00:00+08:00</endTime>
            <elementValue>
              <value>2</value>
              <measures>公尺/秒</measures>
            </elementValue>
            <elementValue>
              <value>2</value>
              <measures>蒲福風級</measures>
            </elementValue>
          </time>
          <time>
            <startTime>2020-10-05T00:00:00+08:00</startTime>
            <endTime>2020-10-06T00:00:00+08:00</endTime>
            <elementValue>
              <value>3</value>
              <measures>公尺/秒</measures>
            </elementValue>
            <elementValue>
              <value>2</value>
              <measures>蒲福風級</measures>
            </elementValue>
          </time>
        </weatherElement>
        <weatherElement>
          <elementName>Wx</elementName>
          <description>天氣現象</description>
          <time>
            <startTime>2020-09-29T12:00:00+08:00</startTime>
            <endTime>2020-09-30T00:00:00+08:00</endTime>
            <elementValue>
              <value>晴時多雲</value>
              <measures>自定義 Wx 文字</measures>
            </elementValue>
            <elementValue>
              <value>02</value>
              <measures>自定義 Wx 單位</measures>
            </elementValue>
          </time>
          <time>
            <startTime>2020-09-30T00:00:00+08:00</startTime>
            <endTime>2020-10-01T00:00:00+08:00</endTime>
            <elementValue>
              <value>多雲時晴</value>
              <measures>自定義 Wx 文字</measures>
            </elementValue>
            <elementValue>
              <value>03</value>
              <measures>自定義 Wx 單位</measures>
            </elementValue>
          </time>
          <time>
            <startTime>2020-10-01T00:00:00+08:00</startTime>
            <endTime>2020-10-02T00:00:00+08:00</endTime>
            <elementValue>
              <value>多雲時晴</value>
              <measures>自定義 Wx 文字</measures>
            </elementValue>
            <elementValue>
              <value>03</value>
              <measures>自定義 Wx 單位</measures>
            </elementValue>
          </time>
          <time>
            <startTime>2020-10-02T00:00:00+08:00</startTime>
            <endTime>2020-10-03T00:00:00+08:00</endTime>
            <elementValue>
              <value>晴時多雲</value>
              <measures>自定義 Wx 文字</measures>
            </elementValue>
            <elementValue>
              <value>02</value>
              <measures>自定義 Wx 單位</measures>
            </elementValue>
          </time>
          <time>
            <startTime>2020-10-03T00:00:00+08:00</startTime>
            <endTime>2020-10-04T00:00:00+08:00</endTime>
            <elementValue>
              <value>晴時多雲</value>
              <measures>自定義 Wx 文字</measures>
            </elementValue>
            <elementValue>
              <value>02</value>
              <measures>自定義 Wx 單位</measures>
            </elementValue>
          </time>
          <time>
            <startTime>2020-10-04T00:00:00+08:00</startTime>
            <endTime>2020-10-05T00:00:00+08:00</endTime>
            <elementValue>
              <value>晴時多雲</value>
              <measures>自定義 Wx 文字</measures>
            </elementValue>
            <elementValue>
              <value>02</value>
              <measures>自定義 Wx 單位</measures>
            </elementValue>
          </time>
          <time>
            <startTime>2020-10-05T00:00:00+08:00</startTime>
            <endTime>2020-10-06T00:00:00+08:00</endTime>
            <elementValue>
              <value>多雲短暫雨</value>
              <measures>自定義 Wx 文字</measures>
            </elementValue>
            <elementValue>
              <value>08</value>
              <measures>自定義 Wx 單位</measures>
            </elementValue>
          </time>
        </weatherElement>
        <weatherElement>
          <elementName>UVI</elementName>
          <description>紫外線指數</description>
          <time>
            <startTime>2020-09-29T06:00:00+08:00</startTime>
            <endTime>2020-09-29T18:00:00+08:00</endTime>
            <elementValue>
              <value>8</value>
              <measures>紫外線指數</measures>
            </elementValue>
            <elementValue>
              <value>過量級</value>
              <measures>曝曬級數</measures>
            </elementValue>
          </time>
          <time>
            <startTime>2020-09-30T06:00:00+08:00</startTime>
            <endTime>2020-09-30T18:00:00+08:00</endTime>
            <elementValue>
              <value>7</value>
              <measures>紫外線指數</measures>
            </elementValue>
            <elementValue>
              <value>高量級</value>
              <measures>曝曬級數</measures>
            </elementValue>
          </time>
          <time>
            <startTime>2020-10-01T06:00:00+08:00</startTime>
            <endTime>2020-10-01T18:00:00+08:00</endTime>
            <elementValue>
              <value>6</value>
              <measures>紫外線指數</measures>
            </elementValue>
            <elementValue>
              <value>高量級</value>
              <measures>曝曬級數</measures>
            </elementValue>
          </time>
          <time>
            <startTime>2020-10-02T06:00:00+08:00</startTime>
            <endTime>2020-10-02T18:00:00+08:00</endTime>
            <elementValue>
              <value>8</value>
              <measures>紫外線指數</measures>
            </elementValue>
            <elementValue>
              <value>過量級</value>
              <measures>曝曬級數</measures>
            </elementValue>
          </time>
          <time>
            <startTime>2020-10-03T06:00:00+08:00</startTime>
            <endTime>2020-10-03T18:00:00+08:00</endTime>
            <elementValue>
              <value>8</value>
              <measures>紫外線指數</measures>
            </elementValue>
            <elementValue>
              <value>過量級</value>
              <measures>曝曬級數</measures>
            </elementValue>
          </time>
          <time>
            <startTime>2020-10-04T06:00:00+08:00</startTime>
            <endTime>2020-10-04T18:00:00+08:00</endTime>
            <elementValue>
              <value>8</value>
              <measures>紫外線指數</measures>
            </elementValue>
            <elementValue>
              <value>過量級</value>
              <measures>曝曬級數</measures>
            </elementValue>
          </time>
          <time>
            <startTime>2020-10-05T06:00:00+08:00</startTime>
            <endTime>2020-10-05T18:00:00+08:00</endTime>
            <elementValue>
              <value>8</value>
              <measures>紫外線指數</measures>
            </elementValue>
            <elementValue>
              <value>過量級</value>
              <measures>曝曬級數</measures>
            </elementValue>
          </time>
        </weatherElement>
        <weatherElement>
          <elementName>WeatherDescription</elementName>
          <description>天氣預報綜合描述</description>
          <time>
            <startTime>2020-09-29T12:00:00+08:00</startTime>
            <endTime>2020-09-30T00:00:00+08:00</endTime>
            <elementValue>
              <value>晴時多雲。降雨機率 10%。溫度攝氏26至33度。舒適至悶熱。偏北風 風速2級(每秒3公尺)。相對濕度64%。</value>
              <measures>NA</measures>
            </elementValue>
          </time>
          <time>
            <startTime>2020-09-30T00:00:00+08:00</startTime>
            <endTime>2020-10-01T00:00:00+08:00</endTime>
            <elementValue>
              <value>多雲時晴。降雨機率 10%。溫度攝氏24至33度。舒適至悶熱。偏北風 風速3級(每秒4公尺)。相對濕度65%。</value>
              <measures>NA</measures>
            </elementValue>
          </time>
          <time>
            <startTime>2020-10-01T00:00:00+08:00</startTime>
            <endTime>2020-10-02T00:00:00+08:00</endTime>
            <elementValue>
              <value>多雲時晴。降雨機率 20%。溫度攝氏24至33度。舒適至悶熱。偏西風 風速2級(每秒3公尺)。相對濕度63%。</value>
              <measures>NA</measures>
            </elementValue>
          </time>
          <time>
            <startTime>2020-10-02T00:00:00+08:00</startTime>
            <endTime>2020-10-03T00:00:00+08:00</endTime>
            <elementValue>
              <value>晴時多雲。溫度攝氏23至34度。舒適至悶熱。偏南風 風速2級(每秒3公尺)。相對濕度61%。</value>
              <measures>NA</measures>
            </elementValue>
          </time>
          <time>
            <startTime>2020-10-03T00:00:00+08:00</startTime>
            <endTime>2020-10-04T00:00:00+08:00</endTime>
            <elementValue>
              <value>晴時多雲。溫度攝氏24至34度。舒適至悶熱。偏西風 風速3級(每秒4公尺)。相對濕度64%。</value>
              <measures>NA</measures>
            </elementValue>
          </time>
          <time>
            <startTime>2020-10-04T00:00:00+08:00</startTime>
            <endTime>2020-10-05T00:00:00+08:00</endTime>
            <elementValue>
              <value>晴時多雲。溫度攝氏24至36度。舒適至悶熱。偏西風 風速2級(每秒2公尺)。相對濕度57%。</value>
              <measures>NA</measures>
            </elementValue>
          </time>
          <time>
            <startTime>2020-10-05T00:00:00+08:00</startTime>
            <endTime>2020-10-06T00:00:00+08:00</endTime>
            <elementValue>
              <value>多雲短暫雨。溫度攝氏25至35度。舒適至易中暑。西北風 風速2級(每秒3公尺)。相對濕度66%。</value>
              <measures>NA</measures>
            </elementValue>
          </time>
        </weatherElement>
      </location>
    </locations>
  </dataset>
</cwbopendata>
