<?xml version="1.0" encoding="utf-8"?>
<cwbopendata xmlns="urn:cwb:gov:tw:cwbcommon:0.1">
  <identifier>edcc8721-956b-46c5-90b2-a43ef7803b71</identifier>
  <sender>weather@cwb.gov.tw</sender>
  <sent>2020-09-30T12:20:39+08:00</sent>
  <status>Actual</status>
  <scope>Public</scope>
  <msgType>Issue</msgType>
  <dataid>null</dataid>
  <source>MFC</source>
  <dataset>
    <datasetInfo>
      <datasetDescription>Seven Days Weather Forecast of 368 townships</datasetDescription>
      <datasetLanguage>EN</datasetLanguage>
      <issueTime>2020-09-30T11:00:00+08:00</issueTime>
      <validTime>
        <startTime>2020-09-30T12:00:00+08:00</startTime>
        <endTime>2020-10-08T11:00:00+08:00</endTime>
      </validTime>
      <update>2020-09-30T12:20:39+08:00</update>
    </datasetInfo>
    <locations>
      <locationsName>Chiayi City</locationsName>
      <location>
        <locationName>East District</locationName>
        <geocode>1002001</geocode>
        <lat>23.480384</lat>
        <lon>120.445361</lon>
        <weatherElement>
          <elementName>T</elementName>
          <description>average of temperature</description>
          <time>
            <startTime>2020-09-30T12:00:00+08:00</startTime>
            <endTime>2020-10-01T00:00:00+08:00</endTime>
            <elementValue>
              <value>29</value>
              <measures>C</measures>
            </elementValue>
          </time>
          <time>
            <startTime>2020-10-01T00:00:00+08:00</startTime>
            <endTime>2020-10-02T00:00:00+08:00</endTime>
            <elementValue>
              <value>27</value>
              <measures>C</measures>
            </elementValue>
          </time>
          <time>
            <startTime>2020-10-02T00:00:00+08:00</startTime>
            <endTime>2020-10-03T00:00:00+08:00</endTime>
            <elementValue>
              <value>28</value>
              <measures>C</measures>
            </elementValue>
          </time>
          <time>
            <startTime>2020-10-03T00:00:00+08:00</startTime>
            <endTime>2020-10-04T00:00:00+08:00</endTime>
            <elementValue>
              <value>28</value>
              <measures>C</measures>
            </elementValue>
          </time>
          <time>
            <startTime>2020-10-04T00:00:00+08:00</startTime>
            <endTime>2020-10-05T00:00:00+08:00</endTime>
            <elementValue>
              <value>28</value>
              <measures>C</measures>
            </elementValue>
          </time>
          <time>
            <startTime>2020-10-05T00:00:00+08:00</startTime>
            <endTime>2020-10-06T00:00:00+08:00</endTime>
            <elementValue>
              <value>28</value>
              <measures>C</measures>
            </elementValue>
          </time>
          <time>
            <startTime>2020-10-06T00:00:00+08:00</startTime>
            <endTime>2020-10-07T00:00:00+08:00</endTime>
            <elementValue>
              <value>28</value>
              <measures>C</measures>
            </elementValue>
          </time>
        </weatherElement>
        <weatherElement>
          <elementName>Td</elementName>
          <description>average of dew point temperature</description>
          <time>
            <startTime>2020-09-30T12:00:00+08:00</startTime>
            <endTime>2020-10-01T00:00:00+08:00</endTime>
            <elementValue>
              <value>22</value>
              <measures>C</measures>
            </elementValue>
          </time>
          <time>
            <startTime>2020-10-01T00:00:00+08:00</startTime>
            <endTime>2020-10-02T00:00:00+08:00</endTime>
            <elementValue>
              <value>21</value>
              <measures>C</measures>
            </elementValue>
          </time>
          <time>
            <startTime>2020-10-02T00:00:00+08:00</startTime>
            <endTime>2020-10-03T00:00:00+08:00</endTime>
            <elementValue>
              <value>22</value>
              <measures>C</measures>
            </elementValue>
          </time>
          <time>
            <startTime>2020-10-03T00:00:00+08:00</startTime>
            <endTime>2020-10-04T00:00:00+08:00</endTime>
            <elementValue>
              <value>21</value>
              <measures>C</measures>
            </elementValue>
          </time>
          <time>
            <startTime>2020-10-04T00:00:00+08:00</startTime>
            <endTime>2020-10-05T00:00:00+08:00</endTime>
            <elementValue>
              <value>19</value>
              <measures>C</measures>
            </elementValue>
          </time>
          <time>
            <startTime>2020-10-05T00:00:00+08:00</startTime>
            <endTime>2020-10-06T00:00:00+08:00</endTime>
            <elementValue>
              <value>21</value>
              <measures>C</measures>
            </elementValue>
          </time>
          <time>
            <startTime>2020-10-06T00:00:00+08:00</startTime>
            <endTime>2020-10-07T00:00:00+08:00</endTime>
            <elementValue>
              <value>22</value>
              <measures>C</measures>
            </elementValue>
          </time>
        </weatherElement>
        <weatherElement>
          <elementName>RH</elementName>
          <description>average of relative humidity</description>
          <time>
            <startTime>2020-09-30T12:00:00+08:00</startTime>
            <endTime>2020-10-01T00:00:00+08:00</endTime>
            <elementValue>
              <value>68</value>
              <measures>%</measures>
            </elementValue>
          </time>
          <time>
            <startTime>2020-10-01T00:00:00+08:00</startTime>
            <endTime>2020-10-02T00:00:00+08:00</endTime>
            <elementValue>
              <value>71</value>
              <measures>%</measures>
            </elementValue>
          </time>
          <time>
            <startTime>2020-10-02T00:00:00+08:00</startTime>
            <endTime>2020-10-03T00:00:00+08:00</endTime>
            <elementValue>
              <value>72</value>
              <measures>%</measures>
            </elementValue>
          </time>
          <time>
            <startTime>2020-10-03T00:00:00+08:00</startTime>
            <endTime>2020-10-04T00:00:00+08:00</endTime>
            <elementValue>
              <value>68</value>
              <measures>%</measures>
            </elementValue>
          </time>
          <time>
            <startTime>2020-10-04T00:00:00+08:00</startTime>
            <endTime>2020-10-05T00:00:00+08:00</endTime>
            <elementValue>
              <value>61</value>
              <measures>%</measures>
            </elementValue>
          </time>
          <time>
            <startTime>2020-10-05T00:00:00+08:00</startTime>
            <endTime>2020-10-06T00:00:00+08:00</endTime>
            <elementValue>
              <value>66</value>
              <measures>%</measures>
            </elementValue>
          </time>
          <time>
            <startTime>2020-10-06T00:00:00+08:00</startTime>
            <endTime>2020-10-07T00:00:00+08:00</endTime>
            <elementValue>
              <value>67</value>
              <measures>%</measures>
            </elementValue>
          </time>
        </weatherElement>
        <weatherElement>
          <elementName>MaxT</elementName>
          <description>maximum temperature</description>
          <time>
            <startTime>2020-09-30T12:00:00+08:00</startTime>
            <endTime>2020-10-01T00:00:00+08:00</endTime>
            <elementValue>
              <value>33</value>
              <measures>C</measures>
            </elementValue>
          </time>
          <time>
            <startTime>2020-10-01T00:00:00+08:00</startTime>
            <endTime>2020-10-02T00:00:00+08:00</endTime>
            <elementValue>
              <value>33</value>
              <measures>C</measures>
            </elementValue>
          </time>
          <time>
            <startTime>2020-10-02T00:00:00+08:00</startTime>
            <endTime>2020-10-03T00:00:00+08:00</endTime>
            <elementValue>
              <value>33</value>
              <measures>C</measures>
            </elementValue>
          </time>
          <time>
            <startTime>2020-10-03T00:00:00+08:00</startTime>
            <endTime>2020-10-04T00:00:00+08:00</endTime>
            <elementValue>
              <value>33</value>
              <measures>C</measures>
            </elementValue>
          </time>
          <time>
            <startTime>2020-10-04T00:00:00+08:00</startTime>
            <endTime>2020-10-05T00:00:00+08:00</endTime>
            <elementValue>
              <value>34</value>
              <measures>C</measures>
            </elementValue>
          </time>
          <time>
            <startTime>2020-10-05T00:00:00+08:00</startTime>
            <endTime>2020-10-06T00:00:00+08:00</endTime>
            <elementValue>
              <value>34</value>
              <measures>C</measures>
            </elementValue>
          </time>
          <time>
            <startTime>2020-10-06T00:00:00+08:00</startTime>
            <endTime>2020-10-07T00:00:00+08:00</endTime>
            <elementValue>
              <value>33</value>
              <measures>C</measures>
            </elementValue>
          </time>
        </weatherElement>
        <weatherElement>
          <elementName>MinT</elementName>
          <description>minimum temperature</description>
          <time>
            <startTime>2020-09-30T12:00:00+08:00</startTime>
            <endTime>2020-10-01T00:00:00+08:00</endTime>
            <elementValue>
              <value>25</value>
              <measures>C</measures>
            </elementValue>
          </time>
          <time>
            <startTime>2020-10-01T00:00:00+08:00</startTime>
            <endTime>2020-10-02T00:00:00+08:00</endTime>
            <elementValue>
              <value>23</value>
              <measures>C</measures>
            </elementValue>
          </time>
          <time>
            <startTime>2020-10-02T00:00:00+08:00</startTime>
            <endTime>2020-10-03T00:00:00+08:00</endTime>
            <elementValue>
              <value>23</value>
              <measures>C</measures>
            </elementValue>
          </time>
          <time>
            <startTime>2020-10-03T00:00:00+08:00</startTime>
            <endTime>2020-10-04T00:00:00+08:00</endTime>
            <elementValue>
              <value>24</value>
              <measures>C</measures>
            </elementValue>
          </time>
          <time>
            <startTime>2020-10-04T00:00:00+08:00</startTime>
            <endTime>2020-10-05T00:00:00+08:00</endTime>
            <elementValue>
              <value>24</value>
              <measures>C</measures>
            </elementValue>
          </time>
          <time>
            <startTime>2020-10-05T00:00:00+08:00</startTime>
            <endTime>2020-10-06T00:00:00+08:00</endTime>
            <elementValue>
              <value>24</value>
              <measures>C</measures>
            </elementValue>
          </time>
          <time>
            <startTime>2020-10-06T00:00:00+08:00</startTime>
            <endTime>2020-10-07T00:00:00+08:00</endTime>
            <elementValue>
              <value>24</value>
              <measures>C</measures>
            </elementValue>
          </time>
        </weatherElement>
        <weatherElement>
          <elementName>MaxAT</elementName>
          <description>maximum athletic temperature</description>
          <time>
            <startTime>2020-09-30T12:00:00+08:00</startTime>
            <endTime>2020-10-01T00:00:00+08:00</endTime>
            <elementValue>
              <value>36</value>
              <measures>C</measures>
            </elementValue>
          </time>
          <time>
            <startTime>2020-10-01T00:00:00+08:00</startTime>
            <endTime>2020-10-02T00:00:00+08:00</endTime>
            <elementValue>
              <value>36</value>
              <measures>C</measures>
            </elementValue>
          </time>
          <time>
            <startTime>2020-10-02T00:00:00+08:00</startTime>
            <endTime>2020-10-03T00:00:00+08:00</endTime>
            <elementValue>
              <value>36</value>
              <measures>C</measures>
            </elementValue>
          </time>
          <time>
            <startTime>2020-10-03T00:00:00+08:00</startTime>
            <endTime>2020-10-04T00:00:00+08:00</endTime>
            <elementValue>
              <value>36</value>
              <measures>C</measures>
            </elementValue>
          </time>
          <time>
            <startTime>2020-10-04T00:00:00+08:00</startTime>
            <endTime>2020-10-05T00:00:00+08:00</endTime>
            <elementValue>
              <value>35</value>
              <measures>C</measures>
            </elementValue>
          </time>
          <time>
            <startTime>2020-10-05T00:00:00+08:00</startTime>
            <endTime>2020-10-06T00:00:00+08:00</endTime>
            <elementValue>
              <value>35</value>
              <measures>C</measures>
            </elementValue>
          </time>
          <time>
            <startTime>2020-10-06T00:00:00+08:00</startTime>
            <endTime>2020-10-07T00:00:00+08:00</endTime>
            <elementValue>
              <value>36</value>
              <measures>C</measures>
            </elementValue>
          </time>
        </weatherElement>
        <weatherElement>
          <elementName>MinAT</elementName>
          <description>minimum athletic temperature</description>
          <time>
            <startTime>2020-09-30T12:00:00+08:00</startTime>
            <endTime>2020-10-01T00:00:00+08:00</endTime>
            <elementValue>
              <value>28</value>
              <measures>C</measures>
            </elementValue>
          </time>
          <time>
            <startTime>2020-10-01T00:00:00+08:00</startTime>
            <endTime>2020-10-02T00:00:00+08:00</endTime>
            <elementValue>
              <value>26</value>
              <measures>C</measures>
            </elementValue>
          </time>
          <time>
            <startTime>2020-10-02T00:00:00+08:00</startTime>
            <endTime>2020-10-03T00:00:00+08:00</endTime>
            <elementValue>
              <value>26</value>
              <measures>C</measures>
            </elementValue>
          </time>
          <time>
            <startTime>2020-10-03T00:00:00+08:00</startTime>
            <endTime>2020-10-04T00:00:00+08:00</endTime>
            <elementValue>
              <value>26</value>
              <measures>C</measures>
            </elementValue>
          </time>
          <time>
            <startTime>2020-10-04T00:00:00+08:00</startTime>
            <endTime>2020-10-05T00:00:00+08:00</endTime>
            <elementValue>
              <value>26</value>
              <measures>C</measures>
            </elementValue>
          </time>
          <time>
            <startTime>2020-10-05T00:00:00+08:00</startTime>
            <endTime>2020-10-06T00:00:00+08:00</endTime>
            <elementValue>
              <value>26</value>
              <measures>C</measures>
            </elementValue>
          </time>
          <time>
            <startTime>2020-10-06T00:00:00+08:00</startTime>
            <endTime>2020-10-07T00:00:00+08:00</endTime>
            <elementValue>
              <value>26</value>
              <measures>C</measures>
            </elementValue>
          </time>
        </weatherElement>
        <weatherElement>
          <elementName>MaxCI</elementName>
          <description>maximum comfort index</description>
          <time>
            <startTime>2020-09-30T12:00:00+08:00</startTime>
            <endTime>2020-10-01T00:00:00+08:00</endTime>
            <elementValue>
              <value>28</value>
              <measures>NA</measures>
            </elementValue>
          </time>
          <time>
            <startTime>2020-10-01T00:00:00+08:00</startTime>
            <endTime>2020-10-02T00:00:00+08:00</endTime>
            <elementValue>
              <value>28</value>
              <measures>NA</measures>
            </elementValue>
          </time>
          <time>
            <startTime>2020-10-02T00:00:00+08:00</startTime>
            <endTime>2020-10-03T00:00:00+08:00</endTime>
            <elementValue>
              <value>29</value>
              <measures>NA</measures>
            </elementValue>
          </time>
          <time>
            <startTime>2020-10-03T00:00:00+08:00</startTime>
            <endTime>2020-10-04T00:00:00+08:00</endTime>
            <elementValue>
              <value>28</value>
              <measures>NA</measures>
            </elementValue>
          </time>
          <time>
            <startTime>2020-10-04T00:00:00+08:00</startTime>
            <endTime>2020-10-05T00:00:00+08:00</endTime>
            <elementValue>
              <value>27</value>
              <measures>NA</measures>
            </elementValue>
          </time>
          <time>
            <startTime>2020-10-05T00:00:00+08:00</startTime>
            <endTime>2020-10-06T00:00:00+08:00</endTime>
            <elementValue>
              <value>27</value>
              <measures>NA</measures>
            </elementValue>
          </time>
          <time>
            <startTime>2020-10-06T00:00:00+08:00</startTime>
            <endTime>2020-10-07T00:00:00+08:00</endTime>
            <elementValue>
              <value>31</value>
              <measures>NA</measures>
            </elementValue>
          </time>
        </weatherElement>
        <weatherElement>
          <elementName>MinCI</elementName>
          <description>minimum comfort index</description>
          <time>
            <startTime>2020-09-30T12:00:00+08:00</startTime>
            <endTime>2020-10-01T00:00:00+08:00</endTime>
            <elementValue>
              <value>24</value>
              <measures>NA</measures>
            </elementValue>
          </time>
          <time>
            <startTime>2020-10-01T00:00:00+08:00</startTime>
            <endTime>2020-10-02T00:00:00+08:00</endTime>
            <elementValue>
              <value>22</value>
              <measures>NA</measures>
            </elementValue>
          </time>
          <time>
            <startTime>2020-10-02T00:00:00+08:00</startTime>
            <endTime>2020-10-03T00:00:00+08:00</endTime>
            <elementValue>
              <value>23</value>
              <measures>NA</measures>
            </elementValue>
          </time>
          <time>
            <startTime>2020-10-03T00:00:00+08:00</startTime>
            <endTime>2020-10-04T00:00:00+08:00</endTime>
            <elementValue>
              <value>23</value>
              <measures>NA</measures>
            </elementValue>
          </time>
          <time>
            <startTime>2020-10-04T00:00:00+08:00</startTime>
            <endTime>2020-10-05T00:00:00+08:00</endTime>
            <elementValue>
              <value>23</value>
              <measures>NA</measures>
            </elementValue>
          </time>
          <time>
            <startTime>2020-10-05T00:00:00+08:00</startTime>
            <endTime>2020-10-06T00:00:00+08:00</endTime>
            <elementValue>
              <value>23</value>
              <measures>NA</measures>
            </elementValue>
          </time>
          <time>
            <startTime>2020-10-06T00:00:00+08:00</startTime>
            <endTime>2020-10-07T00:00:00+08:00</endTime>
            <elementValue>
              <value>23</value>
              <measures>NA</measures>
            </elementValue>
          </time>
        </weatherElement>
        <weatherElement>
          <elementName>PoP24h</elementName>
          <description>24 hours probability of precipitation</description>
          <time>
            <startTime>2020-09-30T12:00:00+08:00</startTime>
            <endTime>2020-10-01T00:00:00+08:00</endTime>
            <elementValue>
              <value>10</value>
              <measures>%</measures>
            </elementValue>
          </time>
          <time>
            <startTime>2020-10-01T00:00:00+08:00</startTime>
            <endTime>2020-10-02T00:00:00+08:00</endTime>
            <elementValue>
              <value>20</value>
              <measures>%</measures>
            </elementValue>
          </time>
          <time>
            <startTime>2020-10-02T00:00:00+08:00</startTime>
            <endTime>2020-10-03T00:00:00+08:00</endTime>
            <elementValue>
              <value>20</value>
              <measures>%</measures>
            </elementValue>
          </time>
          <time>
            <startTime>2020-10-03T00:00:00+08:00</startTime>
            <endTime>2020-10-04T00:00:00+08:00</endTime>
            <elementValue>
              <value> </value>
              <measures>%</measures>
            </elementValue>
          </time>
          <time>
            <startTime>2020-10-04T00:00:00+08:00</startTime>
            <endTime>2020-10-05T00:00:00+08:00</endTime>
            <elementValue>
              <value> </value>
              <measures>%</measures>
            </elementValue>
          </time>
          <time>
            <startTime>2020-10-05T00:00:00+08:00</startTime>
            <endTime>2020-10-06T00:00:00+08:00</endTime>
            <elementValue>
              <value> </value>
              <measures>%</measures>
            </elementValue>
          </time>
          <time>
            <startTime>2020-10-06T00:00:00+08:00</startTime>
            <endTime>2020-10-07T00:00:00+08:00</endTime>
            <elementValue>
              <value> </value>
              <measures>%</measures>
            </elementValue>
          </time>
        </weatherElement>
        <weatherElement>
          <elementName>WD</elementName>
          <description>wind direction</description>
          <time>
            <startTime>2020-09-30T12:00:00+08:00</startTime>
            <endTime>2020-10-01T00:00:00+08:00</endTime>
            <elementValue>
              <value>N</value>
              <measures>16 directions</measures>
            </elementValue>
          </time>
          <time>
            <startTime>2020-10-01T00:00:00+08:00</startTime>
            <endTime>2020-10-02T00:00:00+08:00</endTime>
            <elementValue>
              <value>SW</value>
              <measures>16 directions</measures>
            </elementValue>
          </time>
          <time>
            <startTime>2020-10-02T00:00:00+08:00</startTime>
            <endTime>2020-10-03T00:00:00+08:00</endTime>
            <elementValue>
              <value>S</value>
              <measures>16 directions</measures>
            </elementValue>
          </time>
          <time>
            <startTime>2020-10-03T00:00:00+08:00</startTime>
            <endTime>2020-10-04T00:00:00+08:00</endTime>
            <elementValue>
              <value>SW</value>
              <measures>16 directions</measures>
            </elementValue>
          </time>
          <time>
            <startTime>2020-10-04T00:00:00+08:00</startTime>
            <endTime>2020-10-05T00:00:00+08:00</endTime>
            <elementValue>
              <value>S</value>
              <measures>16 directions</measures>
            </elementValue>
          </time>
          <time>
            <startTime>2020-10-05T00:00:00+08:00</startTime>
            <endTime>2020-10-06T00:00:00+08:00</endTime>
            <elementValue>
              <value>NW</value>
              <measures>16 directions</measures>
            </elementValue>
          </time>
          <time>
            <startTime>2020-10-06T00:00:00+08:00</startTime>
            <endTime>2020-10-07T00:00:00+08:00</endTime>
            <elementValue>
              <value>NW</value>
              <measures>16 directions</measures>
            </elementValue>
          </time>
        </weatherElement>
        <weatherElement>
          <elementName>WS</elementName>
          <description>maximum of wind speed</description>
          <time>
            <startTime>2020-09-30T12:00:00+08:00</startTime>
            <endTime>2020-10-01T00:00:00+08:00</endTime>
            <elementValue>
              <value>3</value>
              <measures>m/s</measures>
            </elementValue>
            <elementValue>
              <value>2</value>
              <measures>Beaufort</measures>
            </elementValue>
          </time>
          <time>
            <startTime>2020-10-01T00:00:00+08:00</startTime>
            <endTime>2020-10-02T00:00:00+08:00</endTime>
            <elementValue>
              <value>2</value>
              <measures>m/s</measures>
            </elementValue>
            <elementValue>
              <value>2</value>
              <measures>Beaufort</measures>
            </elementValue>
          </time>
          <time>
            <startTime>2020-10-02T00:00:00+08:00</startTime>
            <endTime>2020-10-03T00:00:00+08:00</endTime>
            <elementValue>
              <value>3</value>
              <measures>m/s</measures>
            </elementValue>
            <elementValue>
              <value>2</value>
              <measures>Beaufort</measures>
            </elementValue>
          </time>
          <time>
            <startTime>2020-10-03T00:00:00+08:00</startTime>
            <endTime>2020-10-04T00:00:00+08:00</endTime>
            <elementValue>
              <value>3</value>
              <measures>m/s</measures>
            </elementValue>
            <elementValue>
              <value>2</value>
              <measures>Beaufort</measures>
            </elementValue>
          </time>
          <time>
            <startTime>2020-10-04T00:00:00+08:00</startTime>
            <endTime>2020-10-05T00:00:00+08:00</endTime>
            <elementValue>
              <value>2</value>
              <measures>m/s</measures>
            </elementValue>
            <elementValue>
              <value>2</value>
              <measures>Beaufort</measures>
            </elementValue>
          </time>
          <time>
            <startTime>2020-10-05T00:00:00+08:00</startTime>
            <endTime>2020-10-06T00:00:00+08:00</endTime>
            <elementValue>
              <value>3</value>
              <measures>m/s</measures>
            </elementValue>
            <elementValue>
              <value>2</value>
              <measures>Beaufort</measures>
            </elementValue>
          </time>
          <time>
            <startTime>2020-10-06T00:00:00+08:00</startTime>
            <endTime>2020-10-07T00:00:00+08:00</endTime>
            <elementValue>
              <value>2</value>
              <measures>m/s</measures>
            </elementValue>
            <elementValue>
              <value>2</value>
              <measures>Beaufort</measures>
            </elementValue>
          </time>
        </weatherElement>
        <weatherElement>
          <elementName>Wx</elementName>
          <description>weather</description>
          <time>
            <startTime>2020-09-30T12:00:00+08:00</startTime>
            <endTime>2020-10-01T00:00:00+08:00</endTime>
            <elementValue>
              <value>Partly cloudy</value>
              <measures>define Wx text by self</measures>
            </elementValue>
            <elementValue>
              <value>04</value>
              <measures>define Wx unit by self</measures>
            </elementValue>
          </time>
          <time>
            <startTime>2020-10-01T00:00:00+08:00</startTime>
            <endTime>2020-10-02T00:00:00+08:00</endTime>
            <elementValue>
              <value>Mostly cloudy</value>
              <measures>define Wx text by self</measures>
            </elementValue>
            <elementValue>
              <value>05</value>
              <measures>define Wx unit by self</measures>
            </elementValue>
          </time>
          <time>
            <startTime>2020-10-02T00:00:00+08:00</startTime>
            <endTime>2020-10-03T00:00:00+08:00</endTime>
            <elementValue>
              <value>Mostly clear</value>
              <measures>define Wx text by self</measures>
            </elementValue>
            <elementValue>
              <value>02</value>
              <measures>define Wx unit by self</measures>
            </elementValue>
          </time>
          <time>
            <startTime>2020-10-03T00:00:00+08:00</startTime>
            <endTime>2020-10-04T00:00:00+08:00</endTime>
            <elementValue>
              <value>Partly clear</value>
              <measures>define Wx text by self</measures>
            </elementValue>
            <elementValue>
              <value>03</value>
              <measures>define Wx unit by self</measures>
            </elementValue>
          </time>
          <time>
            <startTime>2020-10-04T00:00:00+08:00</startTime>
            <endTime>2020-10-05T00:00:00+08:00</endTime>
            <elementValue>
              <value>Mostly clear</value>
              <measures>define Wx text by self</measures>
            </elementValue>
            <elementValue>
              <value>02</value>
              <measures>define Wx unit by self</measures>
            </elementValue>
          </time>
          <time>
            <startTime>2020-10-05T00:00:00+08:00</startTime>
            <endTime>2020-10-06T00:00:00+08:00</endTime>
            <elementValue>
              <value>Mostly clear</value>
              <measures>define Wx text by self</measures>
            </elementValue>
            <elementValue>
              <value>02</value>
              <measures>define Wx unit by self</measures>
            </elementValue>
          </time>
          <time>
            <startTime>2020-10-06T00:00:00+08:00</startTime>
            <endTime>2020-10-07T00:00:00+08:00</endTime>
            <elementValue>
              <value>Mostly clear</value>
              <measures>define Wx text by self</measures>
            </elementValue>
            <elementValue>
              <value>02</value>
              <measures>define Wx unit by self</measures>
            </elementValue>
          </time>
        </weatherElement>
        <weatherElement>
          <elementName>UVI</elementName>
          <description>Ultraviolet index</description>
          <time>
            <startTime>2020-09-30T06:00:00+08:00</startTime>
            <endTime>2020-09-30T18:00:00+08:00</endTime>
            <elementValue>
              <value>7</value>
              <measures>UV Index</measures>
            </elementValue>
            <elementValue>
              <value>High</value>
              <measures>Exposure Level</measures>
            </elementValue>
          </time>
          <time>
            <startTime>2020-10-01T06:00:00+08:00</startTime>
            <endTime>2020-10-01T18:00:00+08:00</endTime>
            <elementValue>
              <value>7</value>
              <measures>UV Index</measures>
            </elementValue>
            <elementValue>
              <value>High</value>
              <measures>Exposure Level</measures>
            </elementValue>
          </time>
          <time>
            <startTime>2020-10-02T06:00:00+08:00</startTime>
            <endTime>2020-10-02T18:00:00+08:00</endTime>
            <elementValue>
              <value>8</value>
              <measures>UV Index</measures>
            </elementValue>
            <elementValue>
              <value>Very High</value>
              <measures>Exposure Level</measures>
            </elementValue>
          </time>
          <time>
            <startTime>2020-10-03T06:00:00+08:00</startTime>
            <endTime>2020-10-03T18:00:00+08:00</endTime>
            <elementValue>
              <value>7</value>
              <measures>UV Index</measures>
            </elementValue>
            <elementValue>
              <value>High</value>
              <measures>Exposure Level</measures>
            </elementValue>
          </time>
          <time>
            <startTime>2020-10-04T06:00:00+08:00</startTime>
            <endTime>2020-10-04T18:00:00+08:00</endTime>
            <elementValue>
              <value>8</value>
              <measures>UV Index</measures>
            </elementValue>
            <elementValue>
              <value>Very High</value>
              <measures>Exposure Level</measures>
            </elementValue>
          </time>
          <time>
            <startTime>2020-10-05T06:00:00+08:00</startTime>
            <endTime>2020-10-05T18:00:00+08:00</endTime>
            <elementValue>
              <value>8</value>
              <measures>UV Index</measures>
            </elementValue>
            <elementValue>
              <value>Very High</value>
              <measures>Exposure Level</measures>
            </elementValue>
          </time>
          <time>
            <startTime>2020-10-06T06:00:00+08:00</startTime>
            <endTime>2020-10-06T18:00:00+08:00</endTime>
            <elementValue>
              <value>7</value>
              <measures>UV Index</measures>
            </elementValue>
            <elementValue>
              <value>High</value>
              <measures>Exposure Level</measures>
            </elementValue>
          </time>
        </weatherElement>
        <weatherElement>
          <elementName>WeatherDescription</elementName>
          <description>weather description</description>
          <time>
            <startTime>2020-09-30T12:00:00+08:00</startTime>
            <endTime>2020-10-01T00:00:00+08:00</endTime>
            <elementValue>
              <value>Partly cloudy. Temperature between 25 and 33 centigrade. Comfortable~Hot. N wind 3m/s. Chance of precipitation 10%.</value>
              <measures>NA</measures>
            </elementValue>
          </time>
          <time>
            <startTime>2020-10-01T00:00:00+08:00</startTime>
            <endTime>2020-10-02T00:00:00+08:00</endTime>
            <elementValue>
              <value>Mostly cloudy. Temperature between 23 and 33 centigrade. Comfortable~Hot. SW wind 2m/s. Chance of precipitation 20%.</value>
              <measures>NA</measures>
            </elementValue>
          </time>
          <time>
            <startTime>2020-10-02T00:00:00+08:00</startTime>
            <endTime>2020-10-03T00:00:00+08:00</endTime>
            <elementValue>
              <value>Mostly clear. Temperature between 23 and 33 centigrade. Comfortable~Hot. S wind 3m/s. Chance of precipitation 20%.</value>
              <measures>NA</measures>
            </elementValue>
          </time>
          <time>
            <startTime>2020-10-03T00:00:00+08:00</startTime>
            <endTime>2020-10-04T00:00:00+08:00</endTime>
            <elementValue>
              <value>Partly clear. Temperature between 24 and 33 centigrade. Comfortable~Hot. SW wind 3m/s. </value>
              <measures>NA</measures>
            </elementValue>
          </time>
          <time>
            <startTime>2020-10-04T00:00:00+08:00</startTime>
            <endTime>2020-10-05T00:00:00+08:00</endTime>
            <elementValue>
              <value>Mostly clear. Temperature between 24 and 34 centigrade. Comfortable~Hot. S wind 2m/s. </value>
              <measures>NA</measures>
            </elementValue>
          </time>
          <time>
            <startTime>2020-10-05T00:00:00+08:00</startTime>
            <endTime>2020-10-06T00:00:00+08:00</endTime>
            <elementValue>
              <value>Mostly clear. Temperature between 24 and 34 centigrade. Comfortable~Hot. NW wind 3m/s. </value>
              <measures>NA</measures>
            </elementValue>
          </time>
          <time>
            <startTime>2020-10-06T00:00:00+08:00</startTime>
            <endTime>2020-10-07T00:00:00+08:00</endTime>
            <elementValue>
              <value>Mostly clear. Temperature between 24 and 33 centigrade. Comfortable~Extremely hot. NW wind 2m/s. </value>
              <measures>NA</measures>
            </elementValue>
          </time>
        </weatherElement>
      </location>
      <location>
        <locationName>West District</locationName>
        <geocode>1002002</geocode>
        <lat>23.466267</lat>
        <lon>120.427285</lon>
        <weatherElement>
          <elementName>T</elementName>
          <description>average of temperature</description>
          <time>
            <startTime>2020-09-30T12:00:00+08:00</startTime>
            <endTime>2020-10-01T00:00:00+08:00</endTime>
            <elementValue>
              <value>29</value>
              <measures>C</measures>
            </elementValue>
          </time>
          <time>
            <startTime>2020-10-01T00:00:00+08:00</startTime>
            <endTime>2020-10-02T00:00:00+08:00</endTime>
            <elementValue>
              <value>28</value>
              <measures>C</measures>
            </elementValue>
          </time>
          <time>
            <startTime>2020-10-02T00:00:00+08:00</startTime>
            <endTime>2020-10-03T00:00:00+08:00</endTime>
            <elementValue>
              <value>28</value>
              <measures>C</measures>
            </elementValue>
          </time>
          <time>
            <startTime>2020-10-03T00:00:00+08:00</startTime>
            <endTime>2020-10-04T00:00:00+08:00</endTime>
            <elementValue>
              <value>28</value>
              <measures>C</measures>
            </elementValue>
          </time>
          <time>
            <startTime>2020-10-04T00:00:00+08:00</startTime>
            <endTime>2020-10-05T00:00:00+08:00</endTime>
            <elementValue>
              <value>28</value>
              <measures>C</measures>
            </elementValue>
          </time>
          <time>
            <startTime>2020-10-05T00:00:00+08:00</startTime>
            <endTime>2020-10-06T00:00:00+08:00</endTime>
            <elementValue>
              <value>29</value>
              <measures>C</measures>
            </elementValue>
          </time>
          <time>
            <startTime>2020-10-06T00:00:00+08:00</startTime>
            <endTime>2020-10-07T00:00:00+08:00</endTime>
            <elementValue>
              <value>28</value>
              <measures>C</measures>
            </elementValue>
          </time>
        </weatherElement>
        <weatherElement>
          <elementName>Td</elementName>
          <description>average of dew point temperature</description>
          <time>
            <startTime>2020-09-30T12:00:00+08:00</startTime>
            <endTime>2020-10-01T00:00:00+08:00</endTime>
            <elementValue>
              <value>22</value>
              <measures>C</measures>
            </elementValue>
          </time>
          <time>
            <startTime>2020-10-01T00:00:00+08:00</startTime>
            <endTime>2020-10-02T00:00:00+08:00</endTime>
            <elementValue>
              <value>21</value>
              <measures>C</measures>
            </elementValue>
          </time>
          <time>
            <startTime>2020-10-02T00:00:00+08:00</startTime>
            <endTime>2020-10-03T00:00:00+08:00</endTime>
            <elementValue>
              <value>22</value>
              <measures>C</measures>
            </elementValue>
          </time>
          <time>
            <startTime>2020-10-03T00:00:00+08:00</startTime>
            <endTime>2020-10-04T00:00:00+08:00</endTime>
            <elementValue>
              <value>21</value>
              <measures>C</measures>
            </elementValue>
          </time>
          <time>
            <startTime>2020-10-04T00:00:00+08:00</startTime>
            <endTime>2020-10-05T00:00:00+08:00</endTime>
            <elementValue>
              <value>19</value>
              <measures>C</measures>
            </elementValue>
          </time>
          <time>
            <startTime>2020-10-05T00:00:00+08:00</startTime>
            <endTime>2020-10-06T00:00:00+08:00</endTime>
            <elementValue>
              <value>21</value>
              <measures>C</measures>
            </elementValue>
          </time>
          <time>
            <startTime>2020-10-06T00:00:00+08:00</startTime>
            <endTime>2020-10-07T00:00:00+08:00</endTime>
            <elementValue>
              <value>22</value>
              <measures>C</measures>
            </elementValue>
          </time>
        </weatherElement>
        <weatherElement>
          <elementName>RH</elementName>
          <description>average of relative humidity</description>
          <time>
            <startTime>2020-09-30T12:00:00+08:00</startTime>
            <endTime>2020-10-01T00:00:00+08:00</endTime>
            <elementValue>
              <value>65</value>
              <measures>%</measures>
            </elementValue>
          </time>
          <time>
            <startTime>2020-10-01T00:00:00+08:00</startTime>
            <endTime>2020-10-02T00:00:00+08:00</endTime>
            <elementValue>
              <value>67</value>
              <measures>%</measures>
            </elementValue>
          </time>
          <time>
            <startTime>2020-10-02T00:00:00+08:00</startTime>
            <endTime>2020-10-03T00:00:00+08:00</endTime>
            <elementValue>
              <value>70</value>
              <measures>%</measures>
            </elementValue>
          </time>
          <time>
            <startTime>2020-10-03T00:00:00+08:00</startTime>
            <endTime>2020-10-04T00:00:00+08:00</endTime>
            <elementValue>
              <value>66</value>
              <measures>%</measures>
            </elementValue>
          </time>
          <time>
            <startTime>2020-10-04T00:00:00+08:00</startTime>
            <endTime>2020-10-05T00:00:00+08:00</endTime>
            <elementValue>
              <value>61</value>
              <measures>%</measures>
            </elementValue>
          </time>
          <time>
            <startTime>2020-10-05T00:00:00+08:00</startTime>
            <endTime>2020-10-06T00:00:00+08:00</endTime>
            <elementValue>
              <value>64</value>
              <measures>%</measures>
            </elementValue>
          </time>
          <time>
            <startTime>2020-10-06T00:00:00+08:00</startTime>
            <endTime>2020-10-07T00:00:00+08:00</endTime>
            <elementValue>
              <value>62</value>
              <measures>%</measures>
            </elementValue>
          </time>
        </weatherElement>
        <weatherElement>
          <elementName>MaxT</elementName>
          <description>maximum temperature</description>
          <time>
            <startTime>2020-09-30T12:00:00+08:00</startTime>
            <endTime>2020-10-01T00:00:00+08:00</endTime>
            <elementValue>
              <value>33</value>
              <measures>C</measures>
            </elementValue>
          </time>
          <time>
            <startTime>2020-10-01T00:00:00+08:00</startTime>
            <endTime>2020-10-02T00:00:00+08:00</endTime>
            <elementValue>
              <value>33</value>
              <measures>C</measures>
            </elementValue>
          </time>
          <time>
            <startTime>2020-10-02T00:00:00+08:00</startTime>
            <endTime>2020-10-03T00:00:00+08:00</endTime>
            <elementValue>
              <value>33</value>
              <measures>C</measures>
            </elementValue>
          </time>
          <time>
            <startTime>2020-10-03T00:00:00+08:00</startTime>
            <endTime>2020-10-04T00:00:00+08:00</endTime>
            <elementValue>
              <value>34</value>
              <measures>C</measures>
            </elementValue>
          </time>
          <time>
            <startTime>2020-10-04T00:00:00+08:00</startTime>
            <endTime>2020-10-05T00:00:00+08:00</endTime>
            <elementValue>
              <value>34</value>
              <measures>C</measures>
            </elementValue>
          </time>
          <time>
            <startTime>2020-10-05T00:00:00+08:00</startTime>
            <endTime>2020-10-06T00:00:00+08:00</endTime>
            <elementValue>
              <value>35</value>
              <measures>C</measures>
            </elementValue>
          </time>
          <time>
            <startTime>2020-10-06T00:00:00+08:00</startTime>
            <endTime>2020-10-07T00:00:00+08:00</endTime>
            <elementValue>
              <value>33</value>
              <measures>C</measures>
            </elementValue>
          </time>
        </weatherElement>
        <weatherElement>
          <elementName>MinT</elementName>
          <description>minimum temperature</description>
          <time>
            <startTime>2020-09-30T12:00:00+08:00</startTime>
            <endTime>2020-10-01T00:00:00+08:00</endTime>
            <elementValue>
              <value>26</value>
              <measures>C</measures>
            </elementValue>
          </time>
          <time>
            <startTime>2020-10-01T00:00:00+08:00</startTime>
            <endTime>2020-10-02T00:00:00+08:00</endTime>
            <elementValue>
              <value>24</value>
              <measures>C</measures>
            </elementValue>
          </time>
          <time>
            <startTime>2020-10-02T00:00:00+08:00</startTime>
            <endTime>2020-10-03T00:00:00+08:00</endTime>
            <elementValue>
              <value>24</value>
              <measures>C</measures>
            </elementValue>
          </time>
          <time>
            <startTime>2020-10-03T00:00:00+08:00</startTime>
            <endTime>2020-10-04T00:00:00+08:00</endTime>
            <elementValue>
              <value>24</value>
              <measures>C</measures>
            </elementValue>
          </time>
          <time>
            <startTime>2020-10-04T00:00:00+08:00</startTime>
            <endTime>2020-10-05T00:00:00+08:00</endTime>
            <elementValue>
              <value>24</value>
              <measures>C</measures>
            </elementValue>
          </time>
          <time>
            <startTime>2020-10-05T00:00:00+08:00</startTime>
            <endTime>2020-10-06T00:00:00+08:00</endTime>
            <elementValue>
              <value>24</value>
              <measures>C</measures>
            </elementValue>
          </time>
          <time>
            <startTime>2020-10-06T00:00:00+08:00</startTime>
            <endTime>2020-10-07T00:00:00+08:00</endTime>
            <elementValue>
              <value>24</value>
              <measures>C</measures>
            </elementValue>
          </time>
        </weatherElement>
        <weatherElement>
          <elementName>MaxAT</elementName>
          <description>maximum athletic temperature</description>
          <time>
            <startTime>2020-09-30T12:00:00+08:00</startTime>
            <endTime>2020-10-01T00:00:00+08:00</endTime>
            <elementValue>
              <value>36</value>
              <measures>C</measures>
            </elementValue>
          </time>
          <time>
            <startTime>2020-10-01T00:00:00+08:00</startTime>
            <endTime>2020-10-02T00:00:00+08:00</endTime>
            <elementValue>
              <value>36</value>
              <measures>C</measures>
            </elementValue>
          </time>
          <time>
            <startTime>2020-10-02T00:00:00+08:00</startTime>
            <endTime>2020-10-03T00:00:00+08:00</endTime>
            <elementValue>
              <value>37</value>
              <measures>C</measures>
            </elementValue>
          </time>
          <time>
            <startTime>2020-10-03T00:00:00+08:00</startTime>
            <endTime>2020-10-04T00:00:00+08:00</endTime>
            <elementValue>
              <value>36</value>
              <measures>C</measures>
            </elementValue>
          </time>
          <time>
            <startTime>2020-10-04T00:00:00+08:00</startTime>
            <endTime>2020-10-05T00:00:00+08:00</endTime>
            <elementValue>
              <value>35</value>
              <measures>C</measures>
            </elementValue>
          </time>
          <time>
            <startTime>2020-10-05T00:00:00+08:00</startTime>
            <endTime>2020-10-06T00:00:00+08:00</endTime>
            <elementValue>
              <value>35</value>
              <measures>C</measures>
            </elementValue>
          </time>
          <time>
            <startTime>2020-10-06T00:00:00+08:00</startTime>
            <endTime>2020-10-07T00:00:00+08:00</endTime>
            <elementValue>
              <value>36</value>
              <measures>C</measures>
            </elementValue>
          </time>
        </weatherElement>
        <weatherElement>
          <elementName>MinAT</elementName>
          <description>minimum athletic temperature</description>
          <time>
            <startTime>2020-09-30T12:00:00+08:00</startTime>
            <endTime>2020-10-01T00:00:00+08:00</endTime>
            <elementValue>
              <value>28</value>
              <measures>C</measures>
            </elementValue>
          </time>
          <time>
            <startTime>2020-10-01T00:00:00+08:00</startTime>
            <endTime>2020-10-02T00:00:00+08:00</endTime>
            <elementValue>
              <value>25</value>
              <measures>C</measures>
            </elementValue>
          </time>
          <time>
            <startTime>2020-10-02T00:00:00+08:00</startTime>
            <endTime>2020-10-03T00:00:00+08:00</endTime>
            <elementValue>
              <value>26</value>
              <measures>C</measures>
            </elementValue>
          </time>
          <time>
            <startTime>2020-10-03T00:00:00+08:00</startTime>
            <endTime>2020-10-04T00:00:00+08:00</endTime>
            <elementValue>
              <value>26</value>
              <measures>C</measures>
            </elementValue>
          </time>
          <time>
            <startTime>2020-10-04T00:00:00+08:00</startTime>
            <endTime>2020-10-05T00:00:00+08:00</endTime>
            <elementValue>
              <value>26</value>
              <measures>C</measures>
            </elementValue>
          </time>
          <time>
            <startTime>2020-10-05T00:00:00+08:00</startTime>
            <endTime>2020-10-06T00:00:00+08:00</endTime>
            <elementValue>
              <value>26</value>
              <measures>C</measures>
            </elementValue>
          </time>
          <time>
            <startTime>2020-10-06T00:00:00+08:00</startTime>
            <endTime>2020-10-07T00:00:00+08:00</endTime>
            <elementValue>
              <value>26</value>
              <measures>C</measures>
            </elementValue>
          </time>
        </weatherElement>
        <weatherElement>
          <elementName>MaxCI</elementName>
          <description>maximum comfort index</description>
          <time>
            <startTime>2020-09-30T12:00:00+08:00</startTime>
            <endTime>2020-10-01T00:00:00+08:00</endTime>
            <elementValue>
              <value>28</value>
              <measures>NA</measures>
            </elementValue>
          </time>
          <time>
            <startTime>2020-10-01T00:00:00+08:00</startTime>
            <endTime>2020-10-02T00:00:00+08:00</endTime>
            <elementValue>
              <value>28</value>
              <measures>NA</measures>
            </elementValue>
          </time>
          <time>
            <startTime>2020-10-02T00:00:00+08:00</startTime>
            <endTime>2020-10-03T00:00:00+08:00</endTime>
            <elementValue>
              <value>29</value>
              <measures>NA</measures>
            </elementValue>
          </time>
          <time>
            <startTime>2020-10-03T00:00:00+08:00</startTime>
            <endTime>2020-10-04T00:00:00+08:00</endTime>
            <elementValue>
              <value>28</value>
              <measures>NA</measures>
            </elementValue>
          </time>
          <time>
            <startTime>2020-10-04T00:00:00+08:00</startTime>
            <endTime>2020-10-05T00:00:00+08:00</endTime>
            <elementValue>
              <value>27</value>
              <measures>NA</measures>
            </elementValue>
          </time>
          <time>
            <startTime>2020-10-05T00:00:00+08:00</startTime>
            <endTime>2020-10-06T00:00:00+08:00</endTime>
            <elementValue>
              <value>28</value>
              <measures>NA</measures>
            </elementValue>
          </time>
          <time>
            <startTime>2020-10-06T00:00:00+08:00</startTime>
            <endTime>2020-10-07T00:00:00+08:00</endTime>
            <elementValue>
              <value>32</value>
              <measures>NA</measures>
            </elementValue>
          </time>
        </weatherElement>
        <weatherElement>
          <elementName>MinCI</elementName>
          <description>minimum comfort index</description>
          <time>
            <startTime>2020-09-30T12:00:00+08:00</startTime>
            <endTime>2020-10-01T00:00:00+08:00</endTime>
            <elementValue>
              <value>24</value>
              <measures>NA</measures>
            </elementValue>
          </time>
          <time>
            <startTime>2020-10-01T00:00:00+08:00</startTime>
            <endTime>2020-10-02T00:00:00+08:00</endTime>
            <elementValue>
              <value>22</value>
              <measures>NA</measures>
            </elementValue>
          </time>
          <time>
            <startTime>2020-10-02T00:00:00+08:00</startTime>
            <endTime>2020-10-03T00:00:00+08:00</endTime>
            <elementValue>
              <value>23</value>
              <measures>NA</measures>
            </elementValue>
          </time>
          <time>
            <startTime>2020-10-03T00:00:00+08:00</startTime>
            <endTime>2020-10-04T00:00:00+08:00</endTime>
            <elementValue>
              <value>23</value>
              <measures>NA</measures>
            </elementValue>
          </time>
          <time>
            <startTime>2020-10-04T00:00:00+08:00</startTime>
            <endTime>2020-10-05T00:00:00+08:00</endTime>
            <elementValue>
              <value>23</value>
              <measures>NA</measures>
            </elementValue>
          </time>
          <time>
            <startTime>2020-10-05T00:00:00+08:00</startTime>
            <endTime>2020-10-06T00:00:00+08:00</endTime>
            <elementValue>
              <value>23</value>
              <measures>NA</measures>
            </elementValue>
          </time>
          <time>
            <startTime>2020-10-06T00:00:00+08:00</startTime>
            <endTime>2020-10-07T00:00:00+08:00</endTime>
            <elementValue>
              <value>23</value>
              <measures>NA</measures>
            </elementValue>
          </time>
        </weatherElement>
        <weatherElement>
          <elementName>PoP24h</elementName>
          <description>24 hours probability of precipitation</description>
          <time>
            <startTime>2020-09-30T12:00:00+08:00</startTime>
            <endTime>2020-10-01T00:00:00+08:00</endTime>
            <elementValue>
              <value>10</value>
              <measures>%</measures>
            </elementValue>
          </time>
          <time>
            <startTime>2020-10-01T00:00:00+08:00</startTime>
            <endTime>2020-10-02T00:00:00+08:00</endTime>
            <elementValue>
              <value>20</value>
              <measures>%</measures>
            </elementValue>
          </time>
          <time>
            <startTime>2020-10-02T00:00:00+08:00</startTime>
            <endTime>2020-10-03T00:00:00+08:00</endTime>
            <elementValue>
              <value>20</value>
              <measures>%</measures>
            </elementValue>
          </time>
          <time>
            <startTime>2020-10-03T00:00:00+08:00</startTime>
            <endTime>2020-10-04T00:00:00+08:00</endTime>
            <elementValue>
              <value> </value>
              <measures>%</measures>
            </elementValue>
          </time>
          <time>
            <startTime>2020-10-04T00:00:00+08:00</startTime>
            <endTime>2020-10-05T00:00:00+08:00</endTime>
            <elementValue>
              <value> </value>
              <measures>%</measures>
            </elementValue>
          </time>
          <time>
            <startTime>2020-10-05T00:00:00+08:00</startTime>
            <endTime>2020-10-06T00:00:00+08:00</endTime>
            <elementValue>
              <value> </value>
              <measures>%</measures>
            </elementValue>
          </time>
          <time>
            <startTime>2020-10-06T00:00:00+08:00</startTime>
            <endTime>2020-10-07T00:00:00+08:00</endTime>
            <elementValue>
              <value> </value>
              <measures>%</measures>
            </elementValue>
          </time>
        </weatherElement>
        <weatherElement>
          <elementName>WD</elementName>
          <description>wind direction</description>
          <time>
            <startTime>2020-09-30T12:00:00+08:00</startTime>
            <endTime>2020-10-01T00:00:00+08:00</endTime>
            <elementValue>
              <value>N</value>
              <measures>16 directions</measures>
            </elementValue>
          </time>
          <time>
            <startTime>2020-10-01T00:00:00+08:00</startTime>
            <endTime>2020-10-02T00:00:00+08:00</endTime>
            <elementValue>
              <value>N</value>
              <measures>16 directions</measures>
            </elementValue>
          </time>
          <time>
            <startTime>2020-10-02T00:00:00+08:00</startTime>
            <endTime>2020-10-03T00:00:00+08:00</endTime>
            <elementValue>
              <value>SW</value>
              <measures>16 directions</measures>
            </elementValue>
          </time>
          <time>
            <startTime>2020-10-03T00:00:00+08:00</startTime>
            <endTime>2020-10-04T00:00:00+08:00</endTime>
            <elementValue>
              <value>S</value>
              <measures>16 directions</measures>
            </elementValue>
          </time>
          <time>
            <startTime>2020-10-04T00:00:00+08:00</startTime>
            <endTime>2020-10-05T00:00:00+08:00</endTime>
            <elementValue>
              <value>SW</value>
              <measures>16 directions</measures>
            </elementValue>
          </time>
          <time>
            <startTime>2020-10-05T00:00:00+08:00</startTime>
            <endTime>2020-10-06T00:00:00+08:00</endTime>
            <elementValue>
              <value>S</value>
              <measures>16 directions</measures>
            </elementValue>
          </time>
          <time>
            <startTime>2020-10-06T00:00:00+08:00</startTime>
            <endTime>2020-10-07T00:00:00+08:00</endTime>
            <elementValue>
              <value>NW</value>
              <measures>16 directions</measures>
            </elementValue>
          </time>
        </weatherElement>
        <weatherElement>
          <elementName>WS</elementName>
          <description>maximum of wind speed</description>
          <time>
            <startTime>2020-09-30T12:00:00+08:00</startTime>
            <endTime>2020-10-01T00:00:00+08:00</endTime>
            <elementValue>
              <value>4</value>
              <measures>m/s</measures>
            </elementValue>
            <elementValue>
              <value>3</value>
              <measures>Beaufort</measures>
            </elementValue>
          </time>
          <time>
            <startTime>2020-10-01T00:00:00+08:00</startTime>
            <endTime>2020-10-02T00:00:00+08:00</endTime>
            <elementValue>
              <value>3</value>
              <measures>m/s</measures>
            </elementValue>
            <elementValue>
              <value>2</value>
              <measures>Beaufort</measures>
            </elementValue>
          </time>
          <time>
            <startTime>2020-10-02T00:00:00+08:00</startTime>
            <endTime>2020-10-03T00:00:00+08:00</endTime>
            <elementValue>
              <value>3</value>
              <measures>m/s</measures>
            </elementValue>
            <elementValue>
              <value>2</value>
              <measures>Beaufort</measures>
            </elementValue>
          </time>
          <time>
            <startTime>2020-10-03T00:00:00+08:00</startTime>
            <endTime>2020-10-04T00:00:00+08:00</endTime>
            <elementValue>
              <value>3</value>
              <measures>m/s</measures>
            </elementValue>
            <elementValue>
              <value>2</value>
              <measures>Beaufort</measures>
            </elementValue>
          </time>
          <time>
            <startTime>2020-10-04T00:00:00+08:00</startTime>
            <endTime>2020-10-05T00:00:00+08:00</endTime>
            <elementValue>
              <value>2</value>
              <measures>m/s</measures>
            </elementValue>
            <elementValue>
              <value>2</value>
              <measures>Beaufort</measures>
            </elementValue>
          </time>
          <time>
            <startTime>2020-10-05T00:00:00+08:00</startTime>
            <endTime>2020-10-06T00:00:00+08:00</endTime>
            <elementValue>
              <value>5</value>
              <measures>m/s</measures>
            </elementValue>
            <elementValue>
              <value>3</value>
              <measures>Beaufort</measures>
            </elementValue>
          </time>
          <time>
            <startTime>2020-10-06T00:00:00+08:00</startTime>
            <endTime>2020-10-07T00:00:00+08:00</endTime>
            <elementValue>
              <value>2</value>
              <measures>m/s</measures>
            </elementValue>
            <elementValue>
              <value>2</value>
              <measures>Beaufort</measures>
            </elementValue>
          </time>
        </weatherElement>
        <weatherElement>
          <elementName>Wx</elementName>
          <description>weather</description>
          <time>
            <startTime>2020-09-30T12:00:00+08:00</startTime>
            <endTime>2020-10-01T00:00:00+08:00</endTime>
            <elementValue>
              <value>Partly cloudy</value>
              <measures>define Wx text by self</measures>
            </elementValue>
            <elementValue>
              <value>04</value>
              <measures>define Wx unit by self</measures>
            </elementValue>
          </time>
          <time>
            <startTime>2020-10-01T00:00:00+08:00</startTime>
            <endTime>2020-10-02T00:00:00+08:00</endTime>
            <elementValue>
              <value>Mostly cloudy</value>
              <measures>define Wx text by self</measures>
            </elementValue>
            <elementValue>
              <value>05</value>
              <measures>define Wx unit by self</measures>
            </elementValue>
          </time>
          <time>
            <startTime>2020-10-02T00:00:00+08:00</startTime>
            <endTime>2020-10-03T00:00:00+08:00</endTime>
            <elementValue>
              <value>Mostly clear</value>
              <measures>define Wx text by self</measures>
            </elementValue>
            <elementValue>
              <value>02</value>
              <measures>define Wx unit by self</measures>
            </elementValue>
          </time>
          <time>
            <startTime>2020-10-03T00:00:00+08:00</startTime>
            <endTime>2020-10-04T00:00:00+08:00</endTime>
            <elementValue>
              <value>Partly clear</value>
              <measures>define Wx text by self</measures>
            </elementValue>
            <elementValue>
              <value>03</value>
              <measures>define Wx unit by self</measures>
            </elementValue>
          </time>
          <time>
            <startTime>2020-10-04T00:00:00+08:00</startTime>
            <endTime>2020-10-05T00:00:00+08:00</endTime>
            <elementValue>
              <value>Mostly clear</value>
              <measures>define Wx text by self</measures>
            </elementValue>
            <elementValue>
              <value>02</value>
              <measures>define Wx unit by self</measures>
            </elementValue>
          </time>
          <time>
            <startTime>2020-10-05T00:00:00+08:00</startTime>
            <endTime>2020-10-06T00:00:00+08:00</endTime>
            <elementValue>
              <value>Mostly clear</value>
              <measures>define Wx text by self</measures>
            </elementValue>
            <elementValue>
              <value>02</value>
              <measures>define Wx unit by self</measures>
            </elementValue>
          </time>
          <time>
            <startTime>2020-10-06T00:00:00+08:00</startTime>
            <endTime>2020-10-07T00:00:00+08:00</endTime>
            <elementValue>
              <value>Partly cloudy with occasional rain</value>
              <measures>define Wx text by self</measures>
            </elementValue>
            <elementValue>
              <value>08</value>
              <measures>define Wx unit by self</measures>
            </elementValue>
          </time>
        </weatherElement>
        <weatherElement>
          <elementName>UVI</elementName>
          <description>Ultraviolet index</description>
          <time>
            <startTime>2020-09-30T06:00:00+08:00</startTime>
            <endTime>2020-09-30T18:00:00+08:00</endTime>
            <elementValue>
              <value>7</value>
              <measures>UV Index</measures>
            </elementValue>
            <elementValue>
              <value>High</value>
              <measures>Exposure Level</measures>
            </elementValue>
          </time>
          <time>
            <startTime>2020-10-01T06:00:00+08:00</startTime>
            <endTime>2020-10-01T18:00:00+08:00</endTime>
            <elementValue>
              <value>7</value>
              <measures>UV Index</measures>
            </elementValue>
            <elementValue>
              <value>High</value>
              <measures>Exposure Level</measures>
            </elementValue>
          </time>
          <time>
            <startTime>2020-10-02T06:00:00+08:00</startTime>
            <endTime>2020-10-02T18:00:00+08:00</endTime>
            <elementValue>
              <value>8</value>
              <measures>UV Index</measures>
            </elementValue>
            <elementValue>
              <value>Very High</value>
              <measures>Exposure Level</measures>
            </elementValue>
          </time>
          <time>
            <startTime>2020-10-03T06:00:00+08:00</startTime>
            <endTime>2020-10-03T18:00:00+08:00</endTime>
            <elementValue>
              <value>7</value>
              <measures>UV Index</measures>
            </elementValue>
            <elementValue>
              <value>High</value>
              <measures>Exposure Level</measures>
            </elementValue>
          </time>
          <time>
            <startTime>2020-10-04T06:00:00+08:00</startTime>
            <endTime>2020-10-04T18:00:00+08:00</endTime>
            <elementValue>
              <value>8</value>
              <measures>UV Index</measures>
            </elementValue>
            <elementValue>
              <value>Very High</value>
              <measures>Exposure Level</measures>
            </elementValue>
          </time>
          <time>
            <startTime>2020-10-05T06:00:00+08:00</startTime>
            <endTime>2020-10-05T18:00:00+08:00</endTime>
            <elementValue>
              <value>8</value>
              <measures>UV Index</measures>
            </elementValue>
            <elementValue>
              <value>Very High</value>
              <measures>Exposure Level</measures>
            </elementValue>
          </time>
          <time>
            <startTime>2020-10-06T06:00:00+08:00</startTime>
            <endTime>2020-10-06T18:00:00+08:00</endTime>
            <elementValue>
              <value>7</value>
              <measures>UV Index</measures>
            </elementValue>
            <elementValue>
              <value>High</value>
              <measures>Exposure Level</measures>
            </elementValue>
          </time>
        </weatherElement>
        <weatherElement>
          <elementName>WeatherDescription</elementName>
          <description>weather description</description>
          <time>
            <startTime>2020-09-30T12:00:00+08:00</startTime>
            <endTime>2020-10-01T00:00:00+08:00</endTime>
            <elementValue>
              <value>Partly cloudy. Temperature between 26 and 33 centigrade. Comfortable~Hot. N wind 4m/s. Chance of precipitation 10%.</value>
              <measures>NA</measures>
            </elementValue>
          </time>
          <time>
            <startTime>2020-10-01T00:00:00+08:00</startTime>
            <endTime>2020-10-02T00:00:00+08:00</endTime>
            <elementValue>
              <value>Mostly cloudy. Temperature between 24 and 33 centigrade. Comfortable~Hot. N wind 3m/s. Chance of precipitation 20%.</value>
              <measures>NA</measures>
            </elementValue>
          </time>
          <time>
            <startTime>2020-10-02T00:00:00+08:00</startTime>
            <endTime>2020-10-03T00:00:00+08:00</endTime>
            <elementValue>
              <value>Mostly clear. Temperature between 24 and 33 centigrade. Comfortable~Hot. SW wind 3m/s. Chance of precipitation 20%.</value>
              <measures>NA</measures>
            </elementValue>
          </time>
          <time>
            <startTime>2020-10-03T00:00:00+08:00</startTime>
            <endTime>2020-10-04T00:00:00+08:00</endTime>
            <elementValue>
              <value>Partly clear. Temperature between 24 and 34 centigrade. Comfortable~Hot. S wind 3m/s. </value>
              <measures>NA</measures>
            </elementValue>
          </time>
          <time>
            <startTime>2020-10-04T00:00:00+08:00</startTime>
            <endTime>2020-10-05T00:00:00+08:00</endTime>
            <elementValue>
              <value>Mostly clear. Temperature between 24 and 34 centigrade. Comfortable~Hot. SW wind 2m/s. </value>
              <measures>NA</measures>
            </elementValue>
          </time>
          <time>
            <startTime>2020-10-05T00:00:00+08:00</startTime>
            <endTime>2020-10-06T00:00:00+08:00</endTime>
            <elementValue>
              <value>Mostly clear. Temperature between 24 and 35 centigrade. Comfortable~Hot. S wind 5m/s. </value>
              <measures>NA</measures>
            </elementValue>
          </time>
          <time>
            <startTime>2020-10-06T00:00:00+08:00</startTime>
            <endTime>2020-10-07T00:00:00+08:00</endTime>
            <elementValue>
              <value>Partly cloudy with occasional rain. Temperature between 24 and 33 centigrade. Comfortable~Extremely hot. NW wind 2m/s. </value>
              <measures>NA</measures>
            </elementValue>
          </time>
        </weatherElement>
      </location>
    </locations>
  </dataset>
</cwbopendata>
